session_id,chain_id,n,delta,mu,alpha_lr,beta_exp,D,Delta,avg_price,converged,Z_hq
0,0,2,0.7,0.1,0.05,4e-06,0,5.878761184245843e-06,1.1999698041802753,1,0.6153846153846154
1,1,2,0.7,0.1,0.15,4e-06,0,5.87876118409868e-06,1.1999698041802727,1,0.6153846153846154
2,2,2,0.7,0.1,0.25,4e-06,0,5.87876118777775e-06,1.199969804180276,1,0.6410256410256411
3,3,2,0.7,0.25,0.05,4e-06,0,0.0,1.4729266208268674,1,0.5384615384615384
4,4,2,0.7,0.25,0.15,4e-06,0,0.0,1.472926620826772,1,0.5897435897435898
5,5,2,0.7,0.25,0.25,4e-06,1,0.2534122768114596,1.5033377693087884,0,0.46153846153846156
6,6,2,0.7,0.5,0.05,4e-06,0,8.74738480784549e-06,1.7994726558972858,1,0.5128205128205128
7,7,2,0.7,0.5,0.15,4e-06,0,8.747384647215324e-06,1.7994726558972838,1,0.5384615384615384
8,8,2,0.7,0.5,0.25,4e-06,0,8.747384673568709e-06,1.7994726558974035,1,0.48717948717948717
9,9,2,0.85,0.1,0.05,4e-06,1,0.28352382860898767,1.316411130453565,0,0.6666666666666666
10,10,2,0.85,0.1,0.15,4e-06,1,0.2698069992694623,1.446277922991602,0,0.6410256410256411
11,11,2,0.85,0.1,0.25,4e-06,1,0.25215523379554045,1.2298332687615403,0,0.48717948717948717
12,12,2,0.85,0.25,0.05,4e-06,0,0.0,1.4729266208268141,1,0.46153846153846156
13,13,2,0.85,0.25,0.15,4e-06,0,0.0,1.4729266208270109,1,0.5384615384615384
14,14,2,0.85,0.25,0.25,4e-06,1,0.2621876760465611,1.5685433239478908,0,0.5384615384615384
15,15,2,0.85,0.5,0.05,4e-06,0,8.747384673568709e-06,1.7994726558974035,1,0.4358974358974359
16,16,2,0.85,0.5,0.15,4e-06,0,8.747384673568709e-06,1.7994726558974035,1,0.46153846153846156
17,17,2,0.85,0.5,0.25,4e-06,0,8.747384676078556e-06,1.7994726558972929,1,0.5128205128205128
18,18,2,0.95,0.1,0.05,4e-06,1,0.3017523851447111,1.4895668538376143,0,0.8717948717948718
19,19,2,0.95,0.1,0.15,4e-06,0,5.878761186355176e-06,1.199969804180272,1,0.5897435897435898
20,20,2,0.95,0.1,0.25,4e-06,0,5.878761187924913e-06,1.1999698041802764,1,0.717948717948718
21,21,2,0.95,0.25,0.05,4e-06,1,0.25607576912150576,1.5685433239478908,0,0.5384615384615384
22,22,2,0.95,0.25,0.15,4e-06,0,0.0,1.4729266208270708,1,0.5897435897435898
23,23,2,0.95,0.25,0.25,4e-06,1,0.3005682339625321,1.5033377693087884,0,0.41025641025641024
24,24,2,0.95,0.5,0.05,4e-06,1,0.3245778274752511,2.081632285199716,1,0.3333333333333333
25,25,2,0.95,0.5,0.15,4e-06,1,0.23455267272209804,1.905250121828721,1,0.38461538461538464
26,26,2,0.95,0.5,0.25,4e-06,0,8.7473846459604e-06,1.7994726558974024,1,0.38461538461538464
27,0,3,0.7,0.1,0.05,4e-06,0,3.451172632436747e-06,1.149997163644805,1,0.6153846153846154
28,1,3,0.7,0.1,0.15,4e-06,1,0.10547988097173014,1.398954989634155,0,0.5897435897435898
29,2,3,0.7,0.1,0.25,4e-06,0,3.451172632851982e-06,1.1499971636448088,1,0.6410256410256411
30,3,3,0.7,0.25,0.05,4e-06,0,7.231755474803317e-07,1.3701630302731445,1,0.5384615384615384
31,4,3,0.7,0.25,0.15,4e-06,1,0.18057918215409705,1.5744363674301984,0,0.5641025641025641
32,5,3,0.7,0.25,0.25,4e-06,1,0.1678398875557914,1.4084689284960226,0,0.46153846153846156
33,6,3,0.7,0.5,0.05,4e-06,1,0.3714040742561871,1.731860191606204,1,0.48717948717948717
34,7,3,0.7,0.5,0.15,4e-06,1,0.31282934669618623,1.7860172045559752,1,0.5128205128205128
35,8,3,0.7,0.5,0.25,4e-06,0,0.0,1.696465997833652,1,0.48717948717948717
36,9,3,0.85,0.1,0.05,4e-06,1,0.22538374790591756,1.272060416700591,0,0.6666666666666666
37,10,3,0.85,0.1,0.15,4e-06,1,0.13956530585500065,1.1768894870004178,0,0.6410256410256411
38,11,3,0.85,0.1,0.25,4e-06,1,0.11621472974157322,1.4941259193343281,0,0.48717948717948717
39,12,3,0.85,0.25,0.05,4e-06,1,0.2448225293527078,1.4084689284960223,0,0.4358974358974359
40,13,3,0.85,0.25,0.15,4e-06,1,0.23073426614810033,1.5191138877854733,0,0.5128205128205128
41,14,3,0.85,0.25,0.25,4e-06,1,0.1696135092794061,1.3531464488512972,0,0.5384615384615384
42,15,3,0.85,0.5,0.05,4e-06,0,0.0,1.6964659978336218,1,0.4358974358974359
43,16,3,0.85,0.5,0.15,4e-06,1,0.35880323014979987,1.8943312304555182,1,0.4358974358974359
44,17,3,0.85,0.5,0.25,4e-06,1,0.2693193074467957,1.6506246721815467,1,0.48717948717948717
45,18,3,0.95,0.1,0.05,4e-06,1,0.23106430227943997,1.3037840599339818,0,0.8717948717948718
46,19,3,0.95,0.1,0.15,4e-06,1,0.20109641933863104,1.5892968490345014,0,0.5641025641025641
47,20,3,0.95,0.1,0.25,4e-06,1,0.15775526478894397,1.398954989634155,0,0.6923076923076923
48,21,3,0.95,0.25,0.05,4e-06,0,7.23175539998311e-07,1.3701630302731473,1,0.5641025641025641
49,22,3,0.95,0.25,0.15,4e-06,1,0.24426551948050343,1.5191138877854733,0,0.5641025641025641
50,23,3,0.95,0.25,0.25,4e-06,1,0.21406592950487222,1.4914526479631105,0,0.41025641025641024
51,24,3,0.95,0.5,0.05,4e-06,0,0.0,1.6964659978336643,1,0.358974358974359
52,25,3,0.95,0.5,0.15,4e-06,0,0.0,1.6964659978337007,1,0.41025641025641024
53,26,3,0.95,0.5,0.25,4e-06,0,0.0,1.6964659978336287,1,0.38461538461538464
54,0,2,0.7,0.1,0.05,4e-06,1,0.23806450575513363,1.446277922991602,0,0.5897435897435898
55,1,2,0.7,0.1,0.15,4e-06,1,0.220579265498688,1.3164111304535653,0,0.5897435897435898
56,2,2,0.7,0.1,0.25,4e-06,1,0.2293700849794747,1.4029889921455898,0,0.6153846153846154
57,3,2,0.7,0.25,0.05,4e-06,0,0.0,1.4729266208270102,1,0.5384615384615384
58,4,2,0.7,0.25,0.15,4e-06,0,0.0,1.472926620826945,1,0.5897435897435898
59,5,2,0.7,0.25,0.25,4e-06,0,0.0,1.4729266208268448,1,0.48717948717948717
60,6,2,0.7,0.5,0.05,4e-06,1,0.2747492184823449,1.8170590401432232,1,0.48717948717948717
61,7,2,0.7,0.5,0.15,4e-06,0,8.747384676078556e-06,1.7994726558972376,1,0.5384615384615384
62,8,2,0.7,0.5,0.25,4e-06,0,8.74738464219563e-06,1.799472655897286,1,0.48717948717948717
63,9,2,0.85,0.1,0.05,4e-06,0,5.878761183951517e-06,1.1999698041802676,1,0.6923076923076923
64,10,2,0.85,0.1,0.15,4e-06,1,0.25429303298583084,1.4895668538376143,0,0.6410256410256411
65,11,2,0.85,0.1,0.25,4e-06,1,0.2451664325644297,1.2298332687615403,0,0.48717948717948717
66,12,2,0.85,0.25,0.05,4e-06,0,0.0,1.472926620826835,1,0.46153846153846156
67,13,2,0.85,0.25,0.15,4e-06,0,0.0,1.4729266208269696,1,0.5384615384615384
68,14,2,0.85,0.25,0.25,4e-06,1,0.25145656118410376,1.633748878586993,0,0.5384615384615384
69,15,2,0.85,0.5,0.05,4e-06,0,8.747384943377192e-06,1.7994726558973797,1,0.4358974358974359
70,16,2,0.85,0.5,0.15,4e-06,0,8.747384676078556e-06,1.7994726558973166,1,0.46153846153846156
71,17,2,0.85,0.5,0.25,4e-06,1,0.277857215364999,1.905250121828721,1,0.48717948717948717
72,18,2,0.95,0.1,0.05,4e-06,1,0.3123204563107596,1.3597000612995775,0,0.8717948717948718
73,19,2,0.95,0.1,0.15,4e-06,0,5.87876118777775e-06,1.1999698041802769,1,0.5897435897435898
74,20,2,0.95,0.1,0.25,4e-06,1,0.289637288190169,1.576144715529639,0,0.6923076923076923
75,21,2,0.95,0.25,0.05,4e-06,0,0.0,1.4729266208268355,1,0.5641025641025641
76,22,2,0.95,0.25,0.15,4e-06,1,0.29926753238450665,1.633748878586993,0,0.5641025641025641
77,23,2,0.95,0.25,0.25,4e-06,0,0.0,1.4729266208267937,1,0.4358974358974359
78,24,2,0.95,0.5,0.05,4e-06,0,8.747384647215324e-06,1.799472655897283,1,0.358974358974359
79,25,2,0.95,0.5,0.15,4e-06,0,8.747384676078556e-06,1.7994726558973522,1,0.41025641025641024
80,26,2,0.95,0.5,0.25,4e-06,0,8.747384673568709e-06,1.7994726558973442,1,0.38461538461538464
81,0,3,0.7,0.1,0.05,4e-06,1,0.2062731048859605,1.4624022761009374,0,0.5897435897435898
82,1,3,0.7,0.1,0.15,4e-06,1,0.10108915875844578,1.1768894870004178,0,0.5897435897435898
83,2,3,0.7,0.1,0.25,4e-06,1,0.08827991213694687,1.5892968490345014,0,0.6153846153846154
84,3,3,0.7,0.25,0.05,4e-06,1,0.25802477471348706,1.5744363674301984,0,0.5128205128205128
85,4,3,0.7,0.25,0.15,4e-06,1,0.17362800845791596,1.5191138877854733,0,0.5641025641025641
86,5,3,0.7,0.25,0.25,4e-06,1,0.1691839109115718,1.38080768867366,0,0.46153846153846156
87,6,3,0.7,0.5,0.05,4e-06,0,0.0,1.6964659978335932,1,0.5128205128205128
88,7,3,0.7,0.5,0.15,4e-06,1,0.29612692587620676,1.6777031786564323,1,0.5128205128205128
89,8,3,0.7,0.5,0.25,4e-06,1,0.24024991914066107,1.8401742175057467,1,0.46153846153846156
90,9,3,0.85,0.1,0.05,4e-06,1,0.22775170049867147,1.4306786328675463,0,0.6666666666666666
91,10,3,0.85,0.1,0.15,4e-06,1,0.13638712213485585,1.272060416700591,0,0.6410256410256411
92,11,3,0.85,0.1,0.25,4e-06,0,3.451172628763513e-06,1.1499971636447996,1,0.5128205128205128
93,12,3,0.85,0.25,0.05,4e-06,1,0.26396260606528654,1.5191138877854733,0,0.4358974358974359
94,13,3,0.85,0.25,0.15,4e-06,1,0.24377259025507414,1.38080768867366,0,0.5128205128205128
95,14,3,0.85,0.25,0.25,4e-06,1,0.17681512353680448,1.4084689284960223,0,0.5384615384615384
96,15,3,0.85,0.5,0.05,4e-06,1,0.3711957697315422,1.8130957110308612,1,0.41025641025641024
97,16,3,0.85,0.5,0.15,4e-06,1,0.35500322387304056,2.1651162952043754,1,0.4358974358974359
98,17,3,0.85,0.5,0.25,4e-06,1,0.2659491047319416,2.083880775779718,1,0.48717948717948717
99,18,3,0.95,0.1,0.05,4e-06,1,0.23574519026812954,1.4624022761009374,0,0.8717948717948718
100,19,3,0.95,0.1,0.15,4e-06,0,3.4511726330755704e-06,1.1499971636448005,1,0.5897435897435898
101,20,3,0.95,0.1,0.25,4e-06,1,0.15929829839665388,1.1768894870004178,0,0.6923076923076923
102,21,3,0.95,0.25,0.05,4e-06,1,0.2633739498914806,1.5191138877854733,0,0.5384615384615384
103,22,3,0.95,0.25,0.15,4e-06,0,7.23175530057912e-07,1.3701630302731989,1,0.5897435897435898
104,23,3,0.95,0.25,0.25,4e-06,1,0.25470989960444795,1.4637914081407477,0,0.41025641025641024
105,24,3,0.95,0.5,0.05,4e-06,0,0.0,1.6964659978335852,1,0.358974358974359
106,25,3,0.95,0.5,0.15,4e-06,0,0.0,1.6964659978336696,1,0.41025641025641024
107,26,3,0.95,0.5,0.25,4e-06,0,0.0,1.6964659978336922,1,0.38461538461538464
108,0,2,0.7,0.1,0.05,4e-06,1,0.24186622126292778,1.3597000612995773,0,0.5897435897435898
109,1,2,0.7,0.1,0.15,4e-06,0,5.8787611841477346e-06,1.1999698041802729,1,0.6153846153846154
110,2,2,0.7,0.1,0.25,4e-06,1,0.21980813773226665,1.576144715529639,0,0.6153846153846154
111,3,2,0.7,0.25,0.05,4e-06,0,0.0,1.4729266208268965,1,0.5384615384615384
112,4,2,0.7,0.25,0.15,4e-06,1,0.25858145954530165,1.4707349919892372,0,0.5641025641025641
113,5,2,0.7,0.25,0.25,4e-06,1,0.2533335889321492,1.5359405466283396,0,0.46153846153846156
114,6,2,0.7,0.5,0.05,4e-06,0,8.747384673568709e-06,1.7994726558973442,1,0.5128205128205128
115,7,2,0.7,0.5,0.15,4e-06,0,8.747384673568709e-06,1.7994726558973442,1,0.5384615384615384
116,8,2,0.7,0.5,0.25,4e-06,1,0.26926692037721556,2.081632285199716,1,0.46153846153846156
117,9,2,0.85,0.1,0.05,4e-06,1,0.3108056169284753,1.5328557846836266,0,0.6666666666666666
118,10,2,0.85,0.1,0.15,4e-06,0,5.878761191505875e-06,1.1999698041802715,1,0.6666666666666666
119,11,2,0.85,0.1,0.25,4e-06,0,5.878761184196789e-06,1.199969804180267,1,0.5128205128205128
120,12,2,0.85,0.25,0.05,4e-06,0,0.0,1.4729266208268974,1,0.46153846153846156
121,13,2,0.85,0.25,0.15,4e-06,0,0.0,1.4729266208267084,1,0.5384615384615384
122,14,2,0.85,0.25,0.25,4e-06,1,0.26592510785672213,1.633748878586993,0,0.5384615384615384
123,15,2,0.85,0.5,0.05,4e-06,0,8.74738464219563e-06,1.7994726558973142,1,0.4358974358974359
124,16,2,0.85,0.5,0.15,4e-06,0,8.747384676078556e-06,1.7994726558972929,1,0.46153846153846156
125,17,2,0.85,0.5,0.25,4e-06,0,8.747384673568709e-06,1.7994726558973244,1,0.5128205128205128
126,18,2,0.95,0.1,0.05,4e-06,1,0.3159597271734507,1.6194336463756513,0,0.8717948717948718
127,19,2,0.95,0.1,0.15,4e-06,1,0.27121898373729625,1.4029889921455898,0,0.5641025641025641
128,20,2,0.95,0.1,0.25,4e-06,1,0.2792132051546402,1.576144715529639,0,0.6923076923076923
129,21,2,0.95,0.25,0.05,4e-06,1,0.3300951255437426,1.633748878586993,0,0.5384615384615384
130,22,2,0.95,0.25,0.15,4e-06,1,0.3036337458561674,1.6663516559065439,0,0.5641025641025641
131,23,2,0.95,0.25,0.25,4e-06,0,0.0,1.4729266208268752,1,0.4358974358974359
132,24,2,0.95,0.5,0.05,4e-06,1,0.36467866553610323,2.0522352579712173,1,0.3333333333333333
133,25,2,0.95,0.5,0.15,4e-06,0,8.747384676078556e-06,1.7994726558972929,1,0.41025641025641024
134,26,2,0.95,0.5,0.25,4e-06,0,8.747384640940707e-06,1.7994726558972585,1,0.38461538461538464
135,0,3,0.7,0.1,0.05,4e-06,1,0.21219141396527152,1.398954989634155,0,0.5897435897435898
136,1,3,0.7,0.1,0.15,4e-06,1,0.10143186126722578,1.3037840599339818,0,0.5897435897435898
137,2,3,0.7,0.1,0.25,4e-06,1,0.09953165500897802,1.2403367734671997,0,0.6153846153846154
138,3,3,0.7,0.25,0.05,4e-06,1,0.2519622945026357,1.6574200868972866,0,0.5128205128205128
139,4,3,0.7,0.25,0.15,4e-06,1,0.1814584873890149,1.4084689284960226,0,0.5641025641025641
140,5,3,0.7,0.25,0.25,4e-06,1,0.16785840976270536,1.4914526479631105,0,0.46153846153846156
141,6,3,0.7,0.5,0.05,4e-06,1,0.3685236804361612,1.9214097369304042,1,0.48717948717948717
142,7,3,0.7,0.5,0.15,4e-06,0,0.0,1.696465997833629,1,0.5384615384615384
143,8,3,0.7,0.5,0.25,4e-06,0,0.0,1.6964659978335994,1,0.48717948717948717
144,9,3,0.85,0.1,0.05,4e-06,1,0.2238545423876017,1.462402276100937,0,0.6666666666666666
145,10,3,0.85,0.1,0.15,4e-06,0,3.4511726296259245e-06,1.1499971636448152,1,0.6666666666666666
146,11,3,0.85,0.1,0.25,4e-06,1,0.11579022032980851,1.272060416700591,0,0.48717948717948717
147,12,3,0.85,0.25,0.05,4e-06,1,0.24761441661026257,1.6297588470749236,0,0.4358974358974359
148,13,3,0.85,0.25,0.15,4e-06,1,0.22557869429339242,1.5467751276078356,0,0.5128205128205128
149,14,3,0.85,0.25,0.25,4e-06,1,0.18200119715423976,1.4361301683183851,0,0.5384615384615384
150,15,3,0.85,0.5,0.05,4e-06,0,0.0,1.6964659978336136,1,0.4358974358974359
151,16,3,0.85,0.5,0.15,4e-06,1,0.3517505907564774,2.0568022693048325,1,0.4358974358974359
152,17,3,0.85,0.5,0.25,4e-06,0,0.0,1.6964659978336831,1,0.5128205128205128
153,18,3,0.95,0.1,0.05,4e-06,1,0.2301224371459602,1.398954989634155,0,0.8717948717948718
154,19,3,0.95,0.1,0.15,4e-06,1,0.20032521892335278,1.3672313464007642,0,0.5641025641025641
155,20,3,0.95,0.1,0.25,4e-06,1,0.15682885858491638,1.4306786328675463,0,0.6923076923076923
156,21,3,0.95,0.25,0.05,4e-06,0,7.231755363641867e-07,1.3701630302731476,1,0.5641025641025641
157,22,3,0.95,0.25,0.15,4e-06,1,0.2411887947530182,1.4361301683183854,0,0.5641025641025641
158,23,3,0.95,0.25,0.25,4e-06,0,7.231755362573007e-07,1.3701630302732042,1,0.4358974358974359
159,24,3,0.95,0.5,0.05,4e-06,1,0.3640272115933156,2.029723762829947,1,0.3333333333333333
160,25,3,0.95,0.5,0.15,4e-06,0,0.0,1.6964659978337513,1,0.41025641025641024
161,26,3,0.95,0.5,0.25,4e-06,1,0.29941590861446327,2.0568022693048325,1,0.358974358974359
162,0,2,0.7,0.1,0.05,4e-06,0,5.87876118409868e-06,1.1999698041802804,1,0.6153846153846154
163,1,2,0.7,0.1,0.15,4e-06,0,5.878761187924913e-06,1.1999698041802782,1,0.6153846153846154
164,2,2,0.7,0.1,0.25,4e-06,0,5.87876118777775e-06,1.199969804180276,1,0.6410256410256411
165,3,2,0.7,0.25,0.05,4e-06,1,0.3052831646588259,1.5685433239478908,0,0.5128205128205128
166,4,2,0.7,0.25,0.15,4e-06,1,0.2466193481164101,1.6011461012674417,0,0.5641025641025641
167,5,2,0.7,0.25,0.25,4e-06,0,0.0,1.4729266208268936,1,0.48717948717948717
168,6,2,0.7,0.5,0.05,4e-06,0,8.747384673568709e-06,1.7994726558973442,1,0.5128205128205128
169,7,2,0.7,0.5,0.15,4e-06,1,0.2440265395025058,1.787662012914724,1,0.5128205128205128
170,8,2,0.7,0.5,0.25,4e-06,0,8.747384607057781e-06,1.7994726558972791,1,0.48717948717948717
171,9,2,0.85,0.1,0.05,4e-06,1,0.27000110586606124,1.3164111304535653,0,0.6666666666666666
172,10,2,0.85,0.1,0.15,4e-06,1,0.2621744622399727,1.2298332687615403,0,0.6410256410256411
173,11,2,0.85,0.1,0.25,4e-06,1,0.2316764690550101,1.1432554070695158,0,0.48717948717948717
174,12,2,0.85,0.25,0.05,4e-06,0,0.0,1.472926620826986,1,0.46153846153846156
175,13,2,0.85,0.25,0.15,4e-06,1,0.3165627427448203,1.5685433239478908,0,0.5128205128205128
176,14,2,0.85,0.25,0.25,4e-06,0,0.0,1.4729266208268035,1,0.5641025641025641
177,15,2,0.85,0.5,0.05,4e-06,0,8.747384673568709e-06,1.7994726558973244,1,0.4358974358974359
178,16,2,0.85,0.5,0.15,4e-06,1,0.24732314623656615,1.905250121828721,1,0.4358974358974359
179,17,2,0.85,0.5,0.25,4e-06,1,0.2728643795098332,1.8464560673717223,1,0.48717948717948717
180,18,2,0.95,0.1,0.05,4e-06,1,0.36598574790636573,1.4895668538376143,0,0.8717948717948718
181,19,2,0.95,0.1,0.15,4e-06,1,0.2836152525228268,1.5328557846836266,0,0.5641025641025641
182,20,2,0.95,0.1,0.25,4e-06,0,5.878761187532479e-06,1.199969804180271,1,0.717948717948718
183,21,2,0.95,0.25,0.05,4e-06,0,0.0,1.4729266208269292,1,0.5641025641025641
184,22,2,0.95,0.25,0.15,4e-06,1,0.25050334238674005,1.5359405466283396,0,0.5641025641025641
185,23,2,0.95,0.25,0.25,4e-06,0,0.0,1.4729266208267209,1,0.4358974358974359
186,24,2,0.95,0.5,0.05,4e-06,0,8.747384676078556e-06,1.7994726558973522,1,0.358974358974359
187,25,2,0.95,0.5,0.15,4e-06,1,0.24205525530350516,2.022838230742718,1,0.38461538461538464
188,26,2,0.95,0.5,0.25,4e-06,1,0.30318691061444164,1.9346471490572201,1,0.358974358974359
189,0,3,0.7,0.1,0.05,4e-06,1,0.20627055939743016,1.3672313464007642,0,0.5897435897435898
190,1,3,0.7,0.1,0.15,4e-06,1,0.10198216311203007,1.335507703167373,0,0.5897435897435898
191,2,3,0.7,0.1,0.25,4e-06,1,0.09557561908505709,1.2086131302338086,0,0.6153846153846154
192,3,3,0.7,0.25,0.05,4e-06,1,0.26284297026922954,1.4361301683183854,0,0.5128205128205128
193,4,3,0.7,0.25,0.15,4e-06,0,7.231755553898964e-07,1.3701630302731733,1,0.5897435897435898
194,5,3,0.7,0.25,0.25,4e-06,1,0.16775840502617698,1.5467751276078356,0,0.46153846153846156
195,6,3,0.7,0.5,0.05,4e-06,1,0.37084618634053834,1.8943312304555182,1,0.48717948717948717
196,7,3,0.7,0.5,0.15,4e-06,0,0.0,1.6964659978337548,1,0.5384615384615384
197,8,3,0.7,0.5,0.25,4e-06,0,0.0,1.6964659978336034,1,0.48717948717948717
198,9,3,0.85,0.1,0.05,4e-06,0,3.4511726320853944e-06,1.1499971636448048,1,0.6923076923076923
199,10,3,0.85,0.1,0.15,4e-06,1,0.1396305978929645,1.4941259193343281,0,0.6410256410256411
200,11,3,0.85,0.1,0.25,4e-06,0,3.4511726332672175e-06,1.1499971636448196,1,0.5128205128205128
201,12,3,0.85,0.25,0.05,4e-06,1,0.2600252211136782,1.5191138877854733,0,0.4358974358974359
202,13,3,0.85,0.25,0.15,4e-06,1,0.22667109208171965,1.4361301683183854,0,0.5128205128205128
203,14,3,0.85,0.25,0.25,4e-06,1,0.16207250438741605,1.768065046186737,0,0.5384615384615384
204,15,3,0.85,0.5,0.05,4e-06,1,0.35978724594379186,1.6777031786564323,1,0.41025641025641024
205,16,3,0.85,0.5,0.15,4e-06,1,0.35262942560087696,1.8672527239806325,1,0.4358974358974359
206,17,3,0.85,0.5,0.25,4e-06,1,0.24536552919899898,1.8130957110308608,1,0.48717948717948717
207,18,3,0.95,0.1,0.05,4e-06,1,0.22921282988592323,1.3037840599339818,0,0.8717948717948718
208,19,3,0.95,0.1,0.15,4e-06,1,0.20611199975396421,1.6527441355012833,0,0.5641025641025641
209,20,3,0.95,0.1,0.25,4e-06,1,0.15977697973425747,1.335507703167373,0,0.6923076923076923
210,21,3,0.95,0.25,0.05,4e-06,1,0.25629874406168,1.4084689284960223,0,0.5384615384615384
211,22,3,0.95,0.25,0.15,4e-06,0,7.231755226827773e-07,1.370163030273187,1,0.5897435897435898
212,23,3,0.95,0.25,0.25,4e-06,1,0.24497594030728842,1.4361301683183851,0,0.41025641025641024
213,24,3,0.95,0.5,0.05,4e-06,0,0.0,1.6964659978336236,1,0.358974358974359
214,25,3,0.95,0.5,0.15,4e-06,1,0.3521001904868324,1.8943312304555182,1,0.38461538461538464
215,26,3,0.95,0.5,0.25,4e-06,0,0.0,1.696465997833604,1,0.38461538461538464
216,0,2,0.7,0.1,0.05,4e-06,0,5.878761184245843e-06,1.1999698041802753,1,0.6153846153846154
217,1,2,0.7,0.1,0.15,4e-06,0,5.87876118777775e-06,1.199969804180276,1,0.6153846153846154
218,2,2,0.7,0.1,0.25,4e-06,0,5.878761187581533e-06,1.1999698041802782,1,0.6410256410256411
219,3,2,0.7,0.25,0.05,4e-06,1,0.2704168593875246,1.698954433226095,0,0.5128205128205128
220,4,2,0.7,0.25,0.15,4e-06,0,0.0,1.4729266208269451,1,0.5897435897435898
221,5,2,0.7,0.25,0.25,4e-06,0,0.0,1.4729266208268146,1,0.48717948717948717
222,6,2,0.7,0.5,0.05,4e-06,0,8.747384610822551e-06,1.7994726558973364,1,0.5128205128205128
223,7,2,0.7,0.5,0.15,4e-06,0,8.747384619607013e-06,1.799472655897329,1,0.5384615384615384
224,8,2,0.7,0.5,0.25,4e-06,1,0.2536903894851755,1.905250121828721,1,0.46153846153846156
225,9,2,0.85,0.1,0.05,4e-06,1,0.2771715078369867,1.3597000612995775,0,0.6666666666666666
226,10,2,0.85,0.1,0.15,4e-06,0,5.8787611876305875e-06,1.1999698041802822,1,0.6666666666666666
227,11,2,0.85,0.1,0.25,4e-06,0,5.878761187581533e-06,1.1999698041802782,1,0.5128205128205128
228,12,2,0.85,0.25,0.05,4e-06,0,0.0,1.4729266208268346,1,0.46153846153846156
229,13,2,0.85,0.25,0.15,4e-06,0,0.0,1.4729266208267913,1,0.5384615384615384
230,14,2,0.85,0.25,0.25,4e-06,0,0.0,1.472926620826828,1,0.5641025641025641
231,15,2,0.85,0.5,0.05,4e-06,1,0.2603112644859261,1.8464560673717223,1,0.41025641025641024
232,16,2,0.85,0.5,0.15,4e-06,0,8.747384673568709e-06,1.7994726558974035,1,0.46153846153846156
233,17,2,0.85,0.5,0.25,4e-06,0,8.747384647215324e-06,1.7994726558973948,1,0.5128205128205128
234,18,2,0.95,0.1,0.05,4e-06,1,0.34152633838752056,1.4895668538376143,0,0.8717948717948718
235,19,2,0.95,0.1,0.15,4e-06,0,5.8787611841477346e-06,1.1999698041802809,1,0.5897435897435898
236,20,2,0.95,0.1,0.25,4e-06,0,5.878761187924913e-06,1.1999698041802735,1,0.717948717948718
237,21,2,0.95,0.25,0.05,4e-06,0,0.0,1.472926620826752,1,0.5641025641025641
238,22,2,0.95,0.25,0.15,4e-06,0,0.0,1.472926620826934,1,0.5897435897435898
239,23,2,0.95,0.25,0.25,4e-06,0,0.0,1.4729266208267808,1,0.4358974358974359
240,24,2,0.95,0.5,0.05,4e-06,0,8.747384810355336e-06,1.7994726558973313,1,0.358974358974359
241,25,2,0.95,0.5,0.15,4e-06,1,0.23242407477285223,2.022838230742718,1,0.38461538461538464
242,26,2,0.95,0.5,0.25,4e-06,1,0.29073337698138474,1.8758530946002216,1,0.358974358974359
243,0,3,0.7,0.1,0.05,4e-06,1,0.1950353530378492,1.2403367734672,0,0.5897435897435898
244,1,3,0.7,0.1,0.15,4e-06,1,0.10159769136787757,1.1134422005336357,0,0.5897435897435898
245,2,3,0.7,0.1,0.25,4e-06,1,0.09399160918558425,1.1768894870004178,0,0.6153846153846154
246,3,3,0.7,0.25,0.05,4e-06,0,7.231755253549276e-07,1.3701630302731704,1,0.5384615384615384
247,4,3,0.7,0.25,0.15,4e-06,1,0.18531783037800192,1.5467751276078356,0,0.5641025641025641
248,5,3,0.7,0.25,0.25,4e-06,1,0.16868471033884067,1.4637914081407477,0,0.46153846153846156
249,6,3,0.7,0.5,0.05,4e-06,1,0.3618254842221747,1.8401742175057467,1,0.48717948717948717
250,7,3,0.7,0.5,0.15,4e-06,1,0.3158169924245812,1.7860172045559752,1,0.5128205128205128
251,8,3,0.7,0.5,0.25,4e-06,1,0.22848679333301314,1.9484882434052897,1,0.46153846153846156
252,9,3,0.85,0.1,0.05,4e-06,1,0.23418469158398444,1.3672313464007642,0,0.6666666666666666
253,10,3,0.85,0.1,0.15,4e-06,1,0.13336662937426763,1.335507703167373,0,0.6410256410256411
254,11,3,0.85,0.1,0.25,4e-06,0,3.4511726296259245e-06,1.149997163644809,1,0.5128205128205128
255,12,3,0.85,0.25,0.05,4e-06,1,0.26629962047699185,1.685081326719649,0,0.4358974358974359
256,13,3,0.85,0.25,0.15,4e-06,1,0.22678277901430383,1.4914526479631103,0,0.5128205128205128
257,14,3,0.85,0.25,0.25,4e-06,0,7.231755324094043e-07,1.3701630302730716,1,0.5641025641025641
258,15,3,0.85,0.5,0.05,4e-06,0,0.0,1.6964659978336714,1,0.4358974358974359
259,16,3,0.85,0.5,0.15,4e-06,0,0.0,1.6964659978336598,1,0.46153846153846156
260,17,3,0.85,0.5,0.25,4e-06,0,0.0,1.6964659978336643,1,0.5128205128205128
261,18,3,0.95,0.1,0.05,4e-06,1,0.23218298929665643,1.430678632867546,0,0.8717948717948718
262,19,3,0.95,0.1,0.15,4e-06,1,0.20806357871186326,1.4306786328675463,0,0.5641025641025641
263,20,3,0.95,0.1,0.25,4e-06,1,0.1568585892237727,1.4941259193343281,0,0.6923076923076923
264,21,3,0.95,0.25,0.05,4e-06,0,7.231755320887463e-07,1.3701630302731838,1,0.5641025641025641
265,22,3,0.95,0.25,0.15,4e-06,1,0.2575933976615871,1.5191138877854733,0,0.5641025641025641
266,23,3,0.95,0.25,0.25,4e-06,1,0.23599022036850123,1.5191138877854733,0,0.41025641025641024
267,24,3,0.95,0.5,0.05,4e-06,0,0.0,1.6964659978336785,1,0.358974358974359
268,25,3,0.95,0.5,0.15,4e-06,0,0.0,1.6964659978336902,1,0.41025641025641024
269,26,3,0.95,0.5,0.25,4e-06,0,0.0,1.6964659978336787,1,0.38461538461538464
270,0,2,0.7,0.1,0.05,4e-06,0,5.878761183951517e-06,1.1999698041802755,1,0.6153846153846154
271,1,2,0.7,0.1,0.15,4e-06,0,5.87876118409868e-06,1.1999698041802702,1,0.6153846153846154
272,2,2,0.7,0.1,0.25,4e-06,1,0.2207416764862708,1.6194336463756513,0,0.6153846153846154
273,3,2,0.7,0.25,0.05,4e-06,0,0.0,1.4729266208270522,1,0.5384615384615384
274,4,2,0.7,0.25,0.15,4e-06,0,0.0,1.4729266208269678,1,0.5897435897435898
275,5,2,0.7,0.25,0.25,4e-06,0,0.0,1.4729266208269167,1,0.48717948717948717
276,6,2,0.7,0.5,0.05,4e-06,1,0.2053414993053585,1.9640441762857193,1,0.48717948717948717
277,7,2,0.7,0.5,0.15,4e-06,1,0.21635608958742666,1.905250121828721,1,0.5128205128205128
278,8,2,0.7,0.5,0.25,4e-06,0,8.747384673568709e-06,1.7994726558974035,1,0.48717948717948717
279,9,2,0.85,0.1,0.05,4e-06,0,5.87876118777775e-06,1.199969804180276,1,0.6923076923076923
280,10,2,0.85,0.1,0.15,4e-06,0,5.878761187973967e-06,1.1999698041802824,1,0.6666666666666666
281,11,2,0.85,0.1,0.25,4e-06,1,0.24519355071603596,1.446277922991602,0,0.48717948717948717
282,12,2,0.85,0.25,0.05,4e-06,1,0.29305756166604907,1.4707349919892372,0,0.4358974358974359
283,13,2,0.85,0.25,0.15,4e-06,0,0.0,1.4729266208269918,1,0.5384615384615384
284,14,2,0.85,0.25,0.25,4e-06,1,0.2534001207010098,1.4707349919892374,0,0.5384615384615384
285,15,2,0.85,0.5,0.05,4e-06,1,0.2436529080210504,2.081632285199716,1,0.41025641025641024
286,16,2,0.85,0.5,0.15,4e-06,0,8.747384673568709e-06,1.7994726558972651,1,0.46153846153846156
287,17,2,0.85,0.5,0.25,4e-06,0,8.747384676078556e-06,1.7994726558973957,1,0.5128205128205128
288,18,2,0.95,0.1,0.05,4e-06,0,5.8787611841477346e-06,1.1999698041802747,1,0.8974358974358975
289,19,2,0.95,0.1,0.15,4e-06,1,0.29263624477854255,1.4029889921455898,0,0.5641025641025641
290,20,2,0.95,0.1,0.25,4e-06,1,0.27646163164123705,1.316411130453565,0,0.6923076923076923
291,21,2,0.95,0.25,0.05,4e-06,0,0.0,1.4729266208269687,1,0.5641025641025641
292,22,2,0.95,0.25,0.15,4e-06,0,0.0,1.4729266208268403,1,0.5897435897435898
293,23,2,0.95,0.25,0.25,4e-06,0,0.0,1.4729266208270118,1,0.4358974358974359
294,24,2,0.95,0.5,0.05,4e-06,1,0.38352075733799895,1.9346471490572201,1,0.3333333333333333
295,25,2,0.95,0.5,0.15,4e-06,1,0.24796108450080132,1.7288679584577253,1,0.38461538461538464
296,26,2,0.95,0.5,0.25,4e-06,0,8.74738464219563e-06,1.799472655897255,1,0.38461538461538464
297,0,3,0.7,0.1,0.05,4e-06,0,3.4511726326603354e-06,1.1499971636448034,1,0.6153846153846154
298,1,3,0.7,0.1,0.15,4e-06,1,0.10783481076002506,1.4624022761009374,0,0.5897435897435898
299,2,3,0.7,0.1,0.25,4e-06,1,0.09145257454745336,1.272060416700591,0,0.6153846153846154
300,3,3,0.7,0.25,0.05,4e-06,1,0.27121303904427935,1.602097607252561,0,0.5128205128205128
301,4,3,0.7,0.25,0.15,4e-06,1,0.19000247466664089,1.4637914081407477,0,0.5641025641025641
302,5,3,0.7,0.25,0.25,4e-06,1,0.17459346243737114,1.4084689284960223,0,0.46153846153846156
303,6,3,0.7,0.5,0.05,4e-06,1,0.36168872395626284,2.029723762829947,1,0.48717948717948717
304,7,3,0.7,0.5,0.15,4e-06,0,0.0,1.6964659978336307,1,0.5384615384615384
305,8,3,0.7,0.5,0.25,4e-06,0,0.0,1.696465997833614,1,0.48717948717948717
306,9,3,0.85,0.1,0.05,4e-06,1,0.23252835464959948,1.272060416700591,0,0.6666666666666666
307,10,3,0.85,0.1,0.15,4e-06,1,0.1440530374306826,1.398954989634155,0,0.6410256410256411
308,11,3,0.85,0.1,0.25,4e-06,0,3.451172632851982e-06,1.1499971636448088,1,0.5128205128205128
309,12,3,0.85,0.25,0.05,4e-06,1,0.2504766709582576,1.5744363674301984,0,0.4358974358974359
310,13,3,0.85,0.25,0.15,4e-06,0,7.231755453426115e-07,1.3701630302731713,1,0.5384615384615384
311,14,3,0.85,0.25,0.25,4e-06,0,7.231755320887463e-07,1.3701630302731111,1,0.5641025641025641
312,15,3,0.85,0.5,0.05,4e-06,1,0.38588294984740834,1.9214097369304042,1,0.41025641025641024
313,16,3,0.85,0.5,0.15,4e-06,1,0.35741119305157143,1.8943312304555182,1,0.4358974358974359
314,17,3,0.85,0.5,0.25,4e-06,1,0.2758043532465665,1.7860172045559752,1,0.48717948717948717
315,18,3,0.95,0.1,0.05,4e-06,1,0.23634669589864352,1.3672313464007642,0,0.8717948717948718
316,19,3,0.95,0.1,0.15,4e-06,1,0.20415979486154362,1.3672313464007642,0,0.5641025641025641
317,20,3,0.95,0.1,0.25,4e-06,1,0.15816259031462734,1.430678632867546,0,0.6923076923076923
318,21,3,0.95,0.25,0.05,4e-06,1,0.25149805110913587,1.6574200868972866,0,0.5384615384615384
319,22,3,0.95,0.25,0.15,4e-06,1,0.24560006060777775,1.7404038063643743,0,0.5641025641025641
320,23,3,0.95,0.25,0.25,4e-06,1,0.23499715907669277,1.4914526479631105,0,0.41025641025641024
321,24,3,0.95,0.5,0.05,4e-06,0,0.0,1.6964659978336825,1,0.358974358974359
322,25,3,0.95,0.5,0.15,4e-06,1,0.3483512170469731,1.9484882434052897,1,0.38461538461538464
323,26,3,0.95,0.5,0.25,4e-06,1,0.31663099456311755,1.7860172045559752,1,0.358974358974359
324,0,2,0.7,0.1,0.05,4e-06,1,0.2924572179749526,1.3597000612995773,0,0.5897435897435898
325,1,2,0.7,0.1,0.15,4e-06,0,5.878761184196789e-06,1.199969804180267,1,0.6153846153846154
326,2,2,0.7,0.1,0.25,4e-06,0,5.878761187973967e-06,1.1999698041802709,1,0.6410256410256411
327,3,2,0.7,0.25,0.05,4e-06,0,0.0,1.472926620826943,1,0.5384615384615384
328,4,2,0.7,0.25,0.15,4e-06,0,0.0,1.4729266208269394,1,0.5897435897435898
329,5,2,0.7,0.25,0.25,4e-06,0,0.0,1.4729266208272151,1,0.48717948717948717
330,6,2,0.7,0.5,0.05,4e-06,0,8.747384676078556e-06,1.7994726558973957,1,0.5128205128205128
331,7,2,0.7,0.5,0.15,4e-06,0,8.747384676078556e-06,1.7994726558973957,1,0.5384615384615384
332,8,2,0.7,0.5,0.25,4e-06,0,8.747384676078556e-06,1.7994726558974112,1,0.48717948717948717
333,9,2,0.85,0.1,0.05,4e-06,0,5.878761184245843e-06,1.1999698041802753,1,0.6923076923076923
334,10,2,0.85,0.1,0.15,4e-06,0,5.878761183951517e-06,1.1999698041802676,1,0.6666666666666666
335,11,2,0.85,0.1,0.25,4e-06,0,5.87876118409868e-06,1.1999698041802727,1,0.5128205128205128
336,12,2,0.85,0.25,0.05,4e-06,0,0.0,1.4729266208269958,1,0.46153846153846156
337,13,2,0.85,0.25,0.15,4e-06,1,0.2791307557544631,1.4381322146696862,0,0.5128205128205128
338,14,2,0.85,0.25,0.25,4e-06,0,0.0,1.472926620827069,1,0.5641025641025641
339,15,2,0.85,0.5,0.05,4e-06,1,0.22259896854792613,1.8464560673717223,1,0.41025641025641024
340,16,2,0.85,0.5,0.15,4e-06,1,0.2608643127663998,1.8170590401432232,1,0.4358974358974359
341,17,2,0.85,0.5,0.25,4e-06,1,0.24509926401198479,1.8464560673717223,1,0.48717948717948717
342,18,2,0.95,0.1,0.05,4e-06,1,0.3239800642682205,1.446277922991602,0,0.8717948717948718
343,19,2,0.95,0.1,0.15,4e-06,1,0.28904032723964357,1.5328557846836266,0,0.5641025641025641
344,20,2,0.95,0.1,0.25,4e-06,1,0.2826042411618603,1.6627225772216638,0,0.6923076923076923
345,21,2,0.95,0.25,0.05,4e-06,1,0.34341110675930975,1.6011461012674417,0,0.5384615384615384
346,22,2,0.95,0.25,0.15,4e-06,0,0.0,1.4729266208269074,1,0.5897435897435898
347,23,2,0.95,0.25,0.25,4e-06,0,0.0,1.4729266208267937,1,0.4358974358974359
348,24,2,0.95,0.5,0.05,4e-06,1,0.3938781247585736,1.8170590401432232,1,0.3333333333333333
349,25,2,0.95,0.5,0.15,4e-06,1,0.2425125096576419,1.9346471490572201,1,0.38461538461538464
350,26,2,0.95,0.5,0.25,4e-06,0,8.74738464219563e-06,1.7994726558973064,1,0.38461538461538464
351,0,3,0.7,0.1,0.05,4e-06,0,3.4511726323409235e-06,1.1499971636448103,1,0.6153846153846154
352,1,3,0.7,0.1,0.15,4e-06,1,0.10333772127969584,1.4941259193343281,0,0.5897435897435898
353,2,3,0.7,0.1,0.25,4e-06,1,0.09864803343678945,1.3672313464007642,0,0.6153846153846154
354,3,3,0.7,0.25,0.05,4e-06,1,0.24752172314016369,1.7957262860091,0,0.5128205128205128
355,4,3,0.7,0.25,0.15,4e-06,1,0.1937529051749823,1.5191138877854733,0,0.5641025641025641
356,5,3,0.7,0.25,0.25,4e-06,1,0.1681262642778256,1.38080768867366,0,0.46153846153846156
357,6,3,0.7,0.5,0.05,4e-06,1,0.3647614949918406,1.7860172045559752,1,0.48717948717948717
358,7,3,0.7,0.5,0.15,4e-06,1,0.3153087457729664,1.9755667498801754,1,0.5128205128205128
359,8,3,0.7,0.5,0.25,4e-06,0,0.0,1.696465997833655,1,0.48717948717948717
360,9,3,0.85,0.1,0.05,4e-06,0,3.4511726321173356e-06,1.1499971636448132,1,0.6923076923076923
361,10,3,0.85,0.1,0.15,4e-06,0,3.4511726296578657e-06,1.1499971636448194,1,0.6666666666666666
362,11,3,0.85,0.1,0.25,4e-06,0,3.4511726319256884e-06,1.1499971636448147,1,0.5128205128205128
363,12,3,0.85,0.25,0.05,4e-06,1,0.26804117964282576,1.4914526479631105,0,0.4358974358974359
364,13,3,0.85,0.25,0.15,4e-06,1,0.25922895639721155,1.685081326719649,0,0.5128205128205128
365,14,3,0.85,0.25,0.25,4e-06,0,7.231755471596737e-07,1.3701630302731378,1,0.5641025641025641
366,15,3,0.85,0.5,0.05,4e-06,1,0.36846128778535875,1.8130957110308612,1,0.41025641025641024
367,16,3,0.85,0.5,0.15,4e-06,1,0.35142119217662576,2.029723762829947,1,0.4358974358974359
368,17,3,0.85,0.5,0.25,4e-06,1,0.2719308833272623,2.1380377887294895,1,0.48717948717948717
369,18,3,0.95,0.1,0.05,4e-06,1,0.23383511566027584,1.1768894870004178,0,0.8717948717948718
370,19,3,0.95,0.1,0.15,4e-06,1,0.19920613239026744,1.5258495625677193,0,0.5641025641025641
371,20,3,0.95,0.1,0.25,4e-06,1,0.15980120362385958,1.4624022761009374,0,0.6923076923076923
372,21,3,0.95,0.25,0.05,4e-06,1,0.25087692411586304,1.6574200868972866,0,0.5384615384615384
373,22,3,0.95,0.25,0.15,4e-06,1,0.25768630866302467,1.768065046186737,0,0.5641025641025641
374,23,3,0.95,0.25,0.25,4e-06,1,0.22357524151293,1.5467751276078356,0,0.41025641025641024
375,24,3,0.95,0.5,0.05,4e-06,0,0.0,1.6964659978337113,1,0.358974358974359
376,25,3,0.95,0.5,0.15,4e-06,0,0.0,1.6964659978335532,1,0.41025641025641024
377,26,3,0.95,0.5,0.25,4e-06,0,0.0,1.6964659978336243,1,0.38461538461538464
378,0,2,0.7,0.1,0.05,4e-06,1,0.2912919696724924,1.3597000612995775,0,0.5897435897435898
379,1,2,0.7,0.1,0.15,4e-06,0,5.878761184245843e-06,1.199969804180281,1,0.6153846153846154
380,2,2,0.7,0.1,0.25,4e-06,1,0.21552422593507609,1.446277922991602,0,0.6153846153846154
381,3,2,0.7,0.25,0.05,4e-06,0,0.0,1.4729266208269154,1,0.5384615384615384
382,4,2,0.7,0.25,0.15,4e-06,0,0.0,1.472926620826758,1,0.5897435897435898
383,5,2,0.7,0.25,0.25,4e-06,0,0.0,1.4729266208269092,1,0.48717948717948717
384,6,2,0.7,0.5,0.05,4e-06,0,8.747384673568709e-06,1.7994726558973442,1,0.5128205128205128
385,7,2,0.7,0.5,0.15,4e-06,0,8.747384673568709e-06,1.7994726558972651,1,0.5384615384615384
386,8,2,0.7,0.5,0.25,4e-06,0,8.747384676078556e-06,1.7994726558973522,1,0.48717948717948717
387,9,2,0.85,0.1,0.05,4e-06,0,5.878761184245843e-06,1.1999698041802753,1,0.6923076923076923
388,10,2,0.85,0.1,0.15,4e-06,1,0.2571404465786961,1.446277922991602,0,0.6410256410256411
389,11,2,0.85,0.1,0.25,4e-06,0,5.8787611843439514e-06,1.199969804180269,1,0.5128205128205128
390,12,2,0.85,0.25,0.05,4e-06,0,0.0,1.4729266208269112,1,0.46153846153846156
391,13,2,0.85,0.25,0.15,4e-06,1,0.2726492891809751,1.5359405466283396,0,0.5128205128205128
392,14,2,0.85,0.25,0.25,4e-06,1,0.25326055141740605,1.601146101267442,0,0.5384615384615384
393,15,2,0.85,0.5,0.05,4e-06,0,8.747384676078556e-06,1.7994726558972376,1,0.4358974358974359
394,16,2,0.85,0.5,0.15,4e-06,0,8.747384647215324e-06,1.7994726558973706,1,0.46153846153846156
395,17,2,0.85,0.5,0.25,4e-06,0,8.747384676078556e-06,1.7994726558973522,1,0.5128205128205128
396,18,2,0.95,0.1,0.05,4e-06,1,0.3189038765241669,1.6627225772216638,0,0.8717948717948718
397,19,2,0.95,0.1,0.15,4e-06,0,5.87876118777775e-06,1.1999698041802775,1,0.5897435897435898
398,20,2,0.95,0.1,0.25,4e-06,0,5.8787611862080135e-06,1.1999698041802778,1,0.717948717948718
399,21,2,0.95,0.25,0.05,4e-06,0,0.0,1.4729266208270095,1,0.5641025641025641
400,22,2,0.95,0.25,0.15,4e-06,0,0.0,1.4729266208268876,1,0.5897435897435898
401,23,2,0.95,0.25,0.25,4e-06,0,0.0,1.472926620826959,1,0.4358974358974359
402,24,2,0.95,0.5,0.05,4e-06,0,8.747384676078556e-06,1.7994726558974112,1,0.358974358974359
403,25,2,0.95,0.5,0.15,4e-06,0,8.747384676078556e-06,1.7994726558973522,1,0.41025641025641024
404,26,2,0.95,0.5,0.25,4e-06,0,8.7473846459604e-06,1.7994726558974024,1,0.38461538461538464
405,0,3,0.7,0.1,0.05,4e-06,1,0.19460294559723507,1.5258495625677193,0,0.5897435897435898
406,1,3,0.7,0.1,0.15,4e-06,1,0.10554409016581903,1.272060416700591,0,0.5897435897435898
407,2,3,0.7,0.1,0.25,4e-06,1,0.0966006405446043,1.2403367734672,0,0.6153846153846154
408,3,3,0.7,0.25,0.05,4e-06,0,7.23175551114456e-07,1.3701630302731864,1,0.5384615384615384
409,4,3,0.7,0.25,0.15,4e-06,1,0.17970448263610356,1.5191138877854733,0,0.5641025641025641
410,5,3,0.7,0.25,0.25,4e-06,0,7.231755389294508e-07,1.3701630302731689,1,0.48717948717948717
411,6,3,0.7,0.5,0.05,4e-06,1,0.3593440484052455,2.002645256355061,1,0.48717948717948717
412,7,3,0.7,0.5,0.15,4e-06,1,0.3219990242784845,1.8401742175057467,1,0.5128205128205128
413,8,3,0.7,0.5,0.25,4e-06,0,0.0,1.6964659978337693,1,0.48717948717948717
414,9,3,0.85,0.1,0.05,4e-06,1,0.22437308886521054,1.335507703167373,0,0.6666666666666666
415,10,3,0.85,0.1,0.15,4e-06,1,0.13595745860240332,1.1134422005336357,0,0.6410256410256411
416,11,3,0.85,0.1,0.25,4e-06,0,3.4511726304563946e-06,1.1499971636448165,1,0.5128205128205128
417,12,3,0.85,0.25,0.05,4e-06,0,7.231755124217204e-07,1.370163030273163,1,0.46153846153846156
418,13,3,0.85,0.25,0.15,4e-06,1,0.22624231015667381,1.4914526479631105,0,0.5128205128205128
419,14,3,0.85,0.25,0.25,4e-06,0,7.231755550692383e-07,1.3701630302731598,1,0.5641025641025641
420,15,3,0.85,0.5,0.05,4e-06,0,0.0,1.6964659978336425,1,0.4358974358974359
421,16,3,0.85,0.5,0.15,4e-06,1,0.3471335389637769,1.8672527239806325,1,0.4358974358974359
422,17,3,0.85,0.5,0.25,4e-06,1,0.26926482447717803,1.7589386980810897,1,0.48717948717948717
423,18,3,0.95,0.1,0.05,4e-06,1,0.22357618159981263,1.6210204922678926,0,0.8717948717948718
424,19,3,0.95,0.1,0.15,4e-06,1,0.20935437342743404,1.335507703167373,0,0.5641025641025641
425,20,3,0.95,0.1,0.25,4e-06,0,3.451172635055923e-06,1.1499971636448179,1,0.717948717948718
426,21,3,0.95,0.25,0.05,4e-06,0,7.23175561268627e-07,1.3701630302731747,1,0.5641025641025641
427,22,3,0.95,0.25,0.15,4e-06,0,7.231755292028239e-07,1.3701630302731902,1,0.5897435897435898
428,23,3,0.95,0.25,0.25,4e-06,1,0.23964327461046842,1.4914526479631105,0,0.41025641025641024
429,24,3,0.95,0.5,0.05,4e-06,0,0.0,1.6964659978336034,1,0.358974358974359
430,25,3,0.95,0.5,0.15,4e-06,0,0.0,1.6964659978336403,1,0.41025641025641024
431,26,3,0.95,0.5,0.25,4e-06,1,0.32153779959328493,1.623546165706661,1,0.358974358974359
432,0,2,0.7,0.1,0.05,4e-06,0,5.878761184393006e-06,1.1999698041802698,1,0.6153846153846154
433,1,2,0.7,0.1,0.15,4e-06,1,0.2438735446334093,1.706011508067676,0,0.5897435897435898
434,2,2,0.7,0.1,0.25,4e-06,0,5.8787611876305875e-06,1.199969804180277,1,0.6410256410256411
435,3,2,0.7,0.25,0.05,4e-06,1,0.28086254349447026,1.5359405466283396,0,0.5128205128205128
436,4,2,0.7,0.25,0.15,4e-06,0,0.0,1.4729266208268803,1,0.5897435897435898
437,5,2,0.7,0.25,0.25,4e-06,0,0.0,1.4729266208269087,1,0.48717948717948717
438,6,2,0.7,0.5,0.05,4e-06,1,0.27242934752445014,1.7288679584577253,1,0.48717948717948717
439,7,2,0.7,0.5,0.15,4e-06,0,8.747384673568709e-06,1.7994726558972651,1,0.5384615384615384
440,8,2,0.7,0.5,0.25,4e-06,1,0.25025571797886204,2.022838230742718,1,0.46153846153846156
441,9,2,0.85,0.1,0.05,4e-06,1,0.26862313663212206,1.5328557846836266,0,0.6666666666666666
442,10,2,0.85,0.1,0.15,4e-06,1,0.26394514383835554,1.4029889921455898,0,0.6410256410256411
443,11,2,0.85,0.1,0.25,4e-06,0,5.878761184245843e-06,1.1999698041802753,1,0.5128205128205128
444,12,2,0.85,0.25,0.05,4e-06,0,0.0,1.4729266208268519,1,0.46153846153846156
445,13,2,0.85,0.25,0.15,4e-06,1,0.2968235340130074,1.6011461012674417,0,0.5128205128205128
446,14,2,0.85,0.25,0.25,4e-06,0,0.0,1.47292662082683,1,0.5641025641025641
447,15,2,0.85,0.5,0.05,4e-06,0,8.747384676078556e-06,1.7994726558972929,1,0.4358974358974359
448,16,2,0.85,0.5,0.15,4e-06,0,8.747384676078556e-06,1.7994726558973166,1,0.46153846153846156
449,17,2,0.85,0.5,0.25,4e-06,0,8.747384648470247e-06,1.799472655897317,1,0.5128205128205128
450,18,2,0.95,0.1,0.05,4e-06,1,0.3135913821659639,1.4895668538376143,0,0.8717948717948718
451,19,2,0.95,0.1,0.15,4e-06,0,5.8787611841477346e-06,1.1999698041802747,1,0.5897435897435898
452,20,2,0.95,0.1,0.25,4e-06,1,0.27638382970006636,1.6627225772216638,0,0.6923076923076923
453,21,2,0.95,0.25,0.05,4e-06,1,0.2969889902263901,1.5359405466283396,0,0.5384615384615384
454,22,2,0.95,0.25,0.15,4e-06,1,0.3735414106583573,1.5359405466283396,0,0.5641025641025641
455,23,2,0.95,0.25,0.25,4e-06,0,0.0,1.4729266208268492,1,0.4358974358974359
456,24,2,0.95,0.5,0.05,4e-06,0,8.747384673568709e-06,1.7994726558973244,1,0.358974358974359
457,25,2,0.95,0.5,0.15,4e-06,0,8.747384673568709e-06,1.7994726558973442,1,0.41025641025641024
458,26,2,0.95,0.5,0.25,4e-06,0,8.747384640940707e-06,1.799472655897345,1,0.38461538461538464
459,0,3,0.7,0.1,0.05,4e-06,1,0.20215718671051056,1.1768894870004178,0,0.5897435897435898
460,1,3,0.7,0.1,0.15,4e-06,1,0.10393673297274988,1.335507703167373,0,0.5897435897435898
461,2,3,0.7,0.1,0.25,4e-06,1,0.09317241031893737,1.5258495625677193,0,0.6153846153846154
462,3,3,0.7,0.25,0.05,4e-06,1,0.2608746581236677,1.5467751276078359,0,0.5128205128205128
463,4,3,0.7,0.25,0.15,4e-06,1,0.18144373837184363,1.4637914081407477,0,0.5641025641025641
464,5,3,0.7,0.25,0.25,4e-06,0,7.231755481216477e-07,1.3701630302732024,1,0.48717948717948717
465,6,3,0.7,0.5,0.05,4e-06,0,0.0,1.6964659978336147,1,0.5128205128205128
466,7,3,0.7,0.5,0.15,4e-06,1,0.32029060023755385,1.7589386980810895,1,0.5128205128205128
467,8,3,0.7,0.5,0.25,4e-06,1,0.2309732013094349,2.1380377887294895,1,0.46153846153846156
468,9,3,0.85,0.1,0.05,4e-06,1,0.23451185966012925,1.335507703167373,0,0.6666666666666666
469,10,3,0.85,0.1,0.15,4e-06,1,0.14343858790207015,1.3672313464007642,0,0.6410256410256411
470,11,3,0.85,0.1,0.25,4e-06,1,0.1146910302526961,1.4306786328675463,0,0.48717948717948717
471,12,3,0.85,0.25,0.05,4e-06,0,7.23175550900684e-07,1.3701630302731769,1,0.46153846153846156
472,13,3,0.85,0.25,0.15,4e-06,1,0.23247312564602368,1.6297588470749238,0,0.5128205128205128
473,14,3,0.85,0.25,0.25,4e-06,0,7.231755319818602e-07,1.370163030273171,1,0.5641025641025641
474,15,3,0.85,0.5,0.05,4e-06,0,0.0,1.6964659978336474,1,0.4358974358974359
475,16,3,0.85,0.5,0.15,4e-06,0,0.0,1.6964659978336598,1,0.46153846153846156
476,17,3,0.85,0.5,0.25,4e-06,0,0.0,1.6964659978337249,1,0.5128205128205128
477,18,3,0.95,0.1,0.05,4e-06,1,0.24651463010520674,1.4941259193343281,0,0.8717948717948718
478,19,3,0.95,0.1,0.15,4e-06,1,0.20778689400487177,1.4941259193343281,0,0.5641025641025641
479,20,3,0.95,0.1,0.25,4e-06,0,3.4511726296259245e-06,1.149997163644809,1,0.717948717948718
480,21,3,0.95,0.25,0.05,4e-06,1,0.2601767458585799,1.6574200868972866,0,0.5384615384615384
481,22,3,0.95,0.25,0.15,4e-06,1,0.24887078040808436,1.4637914081407477,0,0.5641025641025641
482,23,3,0.95,0.25,0.25,4e-06,0,7.23175529630368e-07,1.3701630302731587,1,0.4358974358974359
483,24,3,0.95,0.5,0.05,4e-06,1,0.3833482247684248,1.8130957110308608,1,0.3333333333333333
484,25,3,0.95,0.5,0.15,4e-06,1,0.3559733557350428,1.8130957110308608,1,0.38461538461538464
485,26,3,0.95,0.5,0.25,4e-06,1,0.3260541818383045,1.7589386980810897,1,0.358974358974359
486,0,2,0.7,0.1,0.05,4e-06,1,0.23221213506886856,1.2298332687615403,0,0.5897435897435898
487,1,2,0.7,0.1,0.15,4e-06,1,0.21836310129938663,1.3164111304535653,0,0.5897435897435898
488,2,2,0.7,0.1,0.25,4e-06,1,0.21886363600471692,1.2731221996075528,0,0.6153846153846154
489,3,2,0.7,0.25,0.05,4e-06,1,0.2615836845755745,1.601146101267442,0,0.5128205128205128
490,4,2,0.7,0.25,0.15,4e-06,0,0.0,1.4729266208269798,1,0.5897435897435898
491,5,2,0.7,0.25,0.25,4e-06,1,0.2474506874299257,1.633748878586993,0,0.46153846153846156
492,6,2,0.7,0.5,0.05,4e-06,0,8.74738477647241e-06,1.7994726558973522,1,0.5128205128205128
493,7,2,0.7,0.5,0.15,4e-06,1,0.24774313403447143,1.7582649856862247,1,0.5128205128205128
494,8,2,0.7,0.5,0.25,4e-06,1,0.26756989248051954,2.0522352579712173,1,0.46153846153846156
495,9,2,0.85,0.1,0.05,4e-06,1,0.2722150023831583,1.3597000612995775,0,0.6666666666666666
496,10,2,0.85,0.1,0.15,4e-06,0,5.878761184245843e-06,1.199969804180281,1,0.6666666666666666
497,11,2,0.85,0.1,0.25,4e-06,1,0.2494670295542827,1.3597000612995775,0,0.48717948717948717
498,12,2,0.85,0.25,0.05,4e-06,0,0.0,1.472926620826971,1,0.46153846153846156
499,13,2,0.85,0.25,0.15,4e-06,0,0.0,1.4729266208268812,1,0.5384615384615384
500,14,2,0.85,0.25,0.25,4e-06,1,0.2537870825352962,1.601146101267442,0,0.5384615384615384
501,15,2,0.85,0.5,0.05,4e-06,1,0.25752205541556755,1.905250121828721,1,0.41025641025641024
502,16,2,0.85,0.5,0.15,4e-06,0,8.747384676078556e-06,1.7994726558973166,1,0.46153846153846156
503,17,2,0.85,0.5,0.25,4e-06,1,0.2414625195941501,1.8758530946002216,1,0.48717948717948717
504,18,2,0.95,0.1,0.05,4e-06,1,0.3587991133417757,1.4029889921455898,0,0.8717948717948718
505,19,2,0.95,0.1,0.15,4e-06,1,0.28776126529352597,1.6194336463756513,0,0.5641025641025641
506,20,2,0.95,0.1,0.25,4e-06,0,5.878761187728696e-06,1.1999698041802835,1,0.717948717948718
507,21,2,0.95,0.25,0.05,4e-06,1,0.330905312877062,1.4381322146696862,0,0.5384615384615384
508,22,2,0.95,0.25,0.15,4e-06,1,0.3174124432600681,1.633748878586993,0,0.5641025641025641
509,23,2,0.95,0.25,0.25,4e-06,0,0.0,1.4729266208268128,1,0.4358974358974359
510,24,2,0.95,0.5,0.05,4e-06,1,0.2967963498630223,1.905250121828721,1,0.3333333333333333
511,25,2,0.95,0.5,0.15,4e-06,1,0.26460740793673465,1.7582649856862247,1,0.38461538461538464
512,26,2,0.95,0.5,0.25,4e-06,1,0.29590812243690645,1.905250121828721,1,0.358974358974359
513,0,3,0.7,0.1,0.05,4e-06,1,0.19798887546347244,1.4941259193343281,0,0.5897435897435898
514,1,3,0.7,0.1,0.15,4e-06,1,0.09305579271248239,1.4306786328675463,0,0.5897435897435898
515,2,3,0.7,0.1,0.25,4e-06,0,3.4511726296578657e-06,1.149997163644819,1,0.6410256410256411
516,3,3,0.7,0.25,0.05,4e-06,1,0.25650494696335524,1.4637914081407477,0,0.5128205128205128
517,4,3,0.7,0.25,0.15,4e-06,1,0.19608866725340654,1.602097607252561,0,0.5641025641025641
518,5,3,0.7,0.25,0.25,4e-06,1,0.16503027364378964,1.7404038063643743,0,0.46153846153846156
519,6,3,0.7,0.5,0.05,4e-06,0,0.0,1.696465997833685,1,0.5128205128205128
520,7,3,0.7,0.5,0.15,4e-06,1,0.3035345408065536,2.0026452563550614,1,0.5128205128205128
521,8,3,0.7,0.5,0.25,4e-06,1,0.22960085048838386,1.8130957110308612,1,0.46153846153846156
522,9,3,0.85,0.1,0.05,4e-06,1,0.22983327990518151,1.5892968490345014,0,0.6666666666666666
523,10,3,0.85,0.1,0.15,4e-06,1,0.14047736179511935,1.4941259193343281,0,0.6410256410256411
524,11,3,0.85,0.1,0.25,4e-06,0,3.4511726331075116e-06,1.1499971636448025,1,0.5128205128205128
525,12,3,0.85,0.25,0.05,4e-06,0,7.231755432048913e-07,1.3701630302731527,1,0.46153846153846156
526,13,3,0.85,0.25,0.15,4e-06,1,0.23409603090586592,1.8233875258314622,0,0.5128205128205128
527,14,3,0.85,0.25,0.25,4e-06,1,0.176178826649574,1.768065046186737,0,0.5384615384615384
528,15,3,0.85,0.5,0.05,4e-06,1,0.37002998220012834,1.9755667498801752,1,0.41025641025641024
529,16,3,0.85,0.5,0.15,4e-06,1,0.3570312964718492,1.9755667498801754,1,0.4358974358974359
530,17,3,0.85,0.5,0.25,4e-06,1,0.2545708220081622,1.731860191606204,1,0.48717948717948717
531,18,3,0.95,0.1,0.05,4e-06,1,0.235692123089784,1.3672313464007642,0,0.8717948717948718
532,19,3,0.95,0.1,0.15,4e-06,0,3.451172632436747e-06,1.149997163644805,1,0.5897435897435898
533,20,3,0.95,0.1,0.25,4e-06,0,3.4511726319256884e-06,1.1499971636448147,1,0.717948717948718
534,21,3,0.95,0.25,0.05,4e-06,1,0.25718570869161456,1.4361301683183854,0,0.5384615384615384
535,22,3,0.95,0.25,0.15,4e-06,1,0.24593861353117977,1.4361301683183854,0,0.5641025641025641
536,23,3,0.95,0.25,0.25,4e-06,1,0.2525241662353319,1.5191138877854733,0,0.41025641025641024
537,24,3,0.95,0.5,0.05,4e-06,0,0.0,1.6964659978335845,1,0.358974358974359
538,25,3,0.95,0.5,0.15,4e-06,1,0.36360231031456103,2.192194801679261,1,0.38461538461538464
539,26,3,0.95,0.5,0.25,4e-06,0,0.0,1.6964659978336456,1,0.38461538461538464
540,0,2,0.7,0.1,0.05,4e-06,1,0.255577347500888,1.446277922991602,0,0.5897435897435898
541,1,2,0.7,0.1,0.15,4e-06,0,5.878761183951517e-06,1.1999698041802755,1,0.6153846153846154
542,2,2,0.7,0.1,0.25,4e-06,0,5.87876118409868e-06,1.1999698041802727,1,0.6410256410256411
543,3,2,0.7,0.25,0.05,4e-06,0,0.0,1.4729266208269394,1,0.5384615384615384
544,4,2,0.7,0.25,0.15,4e-06,0,0.0,1.4729266208266578,1,0.5897435897435898
545,5,2,0.7,0.25,0.25,4e-06,0,0.0,1.4729266208268958,1,0.48717948717948717
546,6,2,0.7,0.5,0.05,4e-06,1,0.2441844945410222,1.905250121828721,1,0.48717948717948717
547,7,2,0.7,0.5,0.15,4e-06,0,8.747384676078556e-06,1.7994726558973166,1,0.5384615384615384
548,8,2,0.7,0.5,0.25,4e-06,1,0.24516620284517096,1.9346471490572201,1,0.46153846153846156
549,9,2,0.85,0.1,0.05,4e-06,0,5.878761183902463e-06,1.1999698041802704,1,0.6923076923076923
550,10,2,0.85,0.1,0.15,4e-06,1,0.2571424408201356,1.4895668538376143,0,0.6410256410256411
551,11,2,0.85,0.1,0.25,4e-06,1,0.24216264349594052,1.4895668538376143,0,0.48717948717948717
552,12,2,0.85,0.25,0.05,4e-06,0,0.0,1.4729266208266925,1,0.46153846153846156
553,13,2,0.85,0.25,0.15,4e-06,0,0.0,1.472926620827062,1,0.5384615384615384
554,14,2,0.85,0.25,0.25,4e-06,0,0.0,1.4729266208268204,1,0.5641025641025641
555,15,2,0.85,0.5,0.05,4e-06,0,8.747384647215324e-06,1.7994726558973113,1,0.4358974358974359
556,16,2,0.85,0.5,0.15,4e-06,0,8.747384673568709e-06,1.7994726558973442,1,0.46153846153846156
557,17,2,0.85,0.5,0.25,4e-06,0,8.747384676078556e-06,1.7994726558973522,1,0.5128205128205128
558,18,2,0.95,0.1,0.05,4e-06,0,5.87876118777775e-06,1.199969804180276,1,0.8974358974358975
559,19,2,0.95,0.1,0.15,4e-06,0,5.878761183902463e-06,1.1999698041802704,1,0.5897435897435898
560,20,2,0.95,0.1,0.25,4e-06,1,0.2760813234369542,1.3164111304535653,0,0.6923076923076923
561,21,2,0.95,0.25,0.05,4e-06,0,0.0,1.4729266208271508,1,0.5641025641025641
562,22,2,0.95,0.25,0.15,4e-06,0,0.0,1.4729266208269154,1,0.5897435897435898
563,23,2,0.95,0.25,0.25,4e-06,0,0.0,1.4729266208268268,1,0.4358974358974359
564,24,2,0.95,0.5,0.05,4e-06,0,8.747384676078556e-06,1.7994726558973957,1,0.358974358974359
565,25,2,0.95,0.5,0.15,4e-06,1,0.22669132956909221,2.111029312428216,1,0.38461538461538464
566,26,2,0.95,0.5,0.25,4e-06,0,8.74738464219563e-06,1.7994726558972274,1,0.38461538461538464
567,0,3,0.7,0.1,0.05,4e-06,1,0.20648132921454865,1.6844677787346747,0,0.5897435897435898
568,1,3,0.7,0.1,0.15,4e-06,0,3.4511726332991587e-06,1.1499971636448192,1,0.6153846153846154
569,2,3,0.7,0.1,0.25,4e-06,1,0.0898307854313697,1.335507703167373,0,0.6153846153846154
570,3,3,0.7,0.25,0.05,4e-06,1,0.2641094166134689,1.602097607252561,0,0.5128205128205128
571,4,3,0.7,0.25,0.15,4e-06,0,7.231755411740571e-07,1.370163030273207,1,0.5897435897435898
572,5,3,0.7,0.25,0.25,4e-06,1,0.16349937276137005,1.6297588470749238,0,0.46153846153846156
573,6,3,0.7,0.5,0.05,4e-06,0,0.0,1.696465997833572,1,0.5128205128205128
574,7,3,0.7,0.5,0.15,4e-06,0,0.0,1.6964659978336663,1,0.5384615384615384
575,8,3,0.7,0.5,0.25,4e-06,1,0.23469935224220018,1.8672527239806325,1,0.46153846153846156
576,9,3,0.85,0.1,0.05,4e-06,1,0.21283678957332122,1.5892968490345014,0,0.6666666666666666
577,10,3,0.85,0.1,0.15,4e-06,0,3.4511726296259245e-06,1.149997163644809,1,0.6666666666666666
578,11,3,0.85,0.1,0.25,4e-06,0,3.4511726296578657e-06,1.1499971636448139,1,0.5128205128205128
579,12,3,0.85,0.25,0.05,4e-06,1,0.25769310351131525,1.6574200868972866,0,0.4358974358974359
580,13,3,0.85,0.25,0.15,4e-06,0,7.231755436324353e-07,1.37016303027316,1,0.5384615384615384
581,14,3,0.85,0.25,0.25,4e-06,0,7.23175539784539e-07,1.3701630302731658,1,0.5641025641025641
582,15,3,0.85,0.5,0.05,4e-06,1,0.3637838105501411,1.9484882434052897,1,0.41025641025641024
583,16,3,0.85,0.5,0.15,4e-06,0,0.0,1.696465997833583,1,0.46153846153846156
584,17,3,0.85,0.5,0.25,4e-06,1,0.26894552428960483,1.8401742175057467,1,0.48717948717948717
585,18,3,0.95,0.1,0.05,4e-06,1,0.2245193504354414,1.4624022761009374,0,0.8717948717948718
586,19,3,0.95,0.1,0.15,4e-06,1,0.20953631707610262,1.5892968490345014,0,0.5641025641025641
587,20,3,0.95,0.1,0.25,4e-06,1,0.16846997221108742,1.5892968490345014,0,0.6923076923076923
588,21,3,0.95,0.25,0.05,4e-06,0,7.231755471596737e-07,1.3701630302731818,1,0.5641025641025641
589,22,3,0.95,0.25,0.15,4e-06,1,0.25427190337398875,1.4914526479631105,0,0.5641025641025641
590,23,3,0.95,0.25,0.25,4e-06,1,0.25488842142100965,1.5744363674301987,0,0.41025641025641024
591,24,3,0.95,0.5,0.05,4e-06,1,0.37297785743890016,1.8401742175057467,1,0.3333333333333333
592,25,3,0.95,0.5,0.15,4e-06,1,0.36757719913945974,1.9484882434052897,1,0.38461538461538464
593,26,3,0.95,0.5,0.25,4e-06,1,0.32613164386685667,2.002645256355061,1,0.358974358974359
594,0,2,0.7,0.1,0.05,4e-06,0,5.878761186355176e-06,1.1999698041802727,1,0.6153846153846154
595,1,2,0.7,0.1,0.15,4e-06,1,0.2254961787767009,1.4029889921455898,0,0.5897435897435898
596,2,2,0.7,0.1,0.25,4e-06,0,5.8787611843439514e-06,1.1999698041802702,1,0.6410256410256411
597,3,2,0.7,0.25,0.05,4e-06,1,0.273171092463368,1.6011461012674417,0,0.5128205128205128
598,4,2,0.7,0.25,0.15,4e-06,1,0.2664738082848309,1.5685433239478908,0,0.5641025641025641
599,5,2,0.7,0.25,0.25,4e-06,0,0.0,1.4729266208270326,1,0.48717948717948717
600,6,2,0.7,0.5,0.05,4e-06,0,8.747384608312705e-06,1.7994726558972483,1,0.5128205128205128
601,7,2,0.7,0.5,0.15,4e-06,1,0.2384232836943545,1.8758530946002216,1,0.5128205128205128
602,8,2,0.7,0.5,0.25,4e-06,0,8.747384673568709e-06,1.7994726558973442,1,0.48717948717948717
603,9,2,0.85,0.1,0.05,4e-06,0,5.8787611841477346e-06,1.1999698041802729,1,0.6923076923076923
604,10,2,0.85,0.1,0.15,4e-06,0,5.8787611843439514e-06,1.1999698041802702,1,0.6666666666666666
605,11,2,0.85,0.1,0.25,4e-06,1,0.2535974189989908,1.446277922991602,0,0.48717948717948717
606,12,2,0.85,0.25,0.05,4e-06,1,0.2703853519273306,1.8293655425042994,0,0.4358974358974359
607,13,2,0.85,0.25,0.15,4e-06,0,0.0,1.4729266208266776,1,0.5384615384615384
608,14,2,0.85,0.25,0.25,4e-06,0,0.0,1.4729266208268401,1,0.5641025641025641
609,15,2,0.85,0.5,0.05,4e-06,0,8.747384644705477e-06,1.7994726558972753,1,0.4358974358974359
610,16,2,0.85,0.5,0.15,4e-06,0,8.747384673568709e-06,1.7994726558972651,1,0.46153846153846156
611,17,2,0.85,0.5,0.25,4e-06,1,0.27160302051183444,1.8170590401432232,1,0.48717948717948717
612,18,2,0.95,0.1,0.05,4e-06,1,0.32124648812409995,1.4029889921455898,0,0.8717948717948718
613,19,2,0.95,0.1,0.15,4e-06,1,0.28149233406219953,1.316411130453565,0,0.5641025641025641
614,20,2,0.95,0.1,0.25,4e-06,0,5.878761184245843e-06,1.1999698041802753,1,0.717948717948718
615,21,2,0.95,0.25,0.05,4e-06,0,0.0,1.4729266208269325,1,0.5641025641025641
616,22,2,0.95,0.25,0.15,4e-06,1,0.28524937989035204,1.6663516559065439,0,0.5641025641025641
617,23,2,0.95,0.25,0.25,4e-06,1,0.2972229746112406,1.5685433239478908,0,0.41025641025641024
618,24,2,0.95,0.5,0.05,4e-06,0,8.747384647215324e-06,1.799472655897283,1,0.358974358974359
619,25,2,0.95,0.5,0.15,4e-06,0,8.747384781492102e-06,1.799472655897332,1,0.41025641025641024
620,26,2,0.95,0.5,0.25,4e-06,0,8.747384647215324e-06,1.7994726558973948,1,0.38461538461538464
621,0,3,0.7,0.1,0.05,4e-06,1,0.20609822459177166,1.430678632867546,0,0.5897435897435898
622,1,3,0.7,0.1,0.15,4e-06,1,0.10762389916160708,1.2403367734672,0,0.5897435897435898
623,2,3,0.7,0.1,0.25,4e-06,1,0.09536503373439574,1.208613130233809,0,0.6153846153846154
624,3,3,0.7,0.25,0.05,4e-06,0,7.23175539784539e-07,1.370163030273216,1,0.5384615384615384
625,4,3,0.7,0.25,0.15,4e-06,0,7.23175550900684e-07,1.3701630302732344,1,0.5897435897435898
626,5,3,0.7,0.25,0.25,4e-06,1,0.1704058081200434,1.4914526479631105,0,0.46153846153846156
627,6,3,0.7,0.5,0.05,4e-06,0,0.0,1.6964659978336842,1,0.5128205128205128
628,7,3,0.7,0.5,0.15,4e-06,1,0.30747498033310927,1.840174217505747,1,0.5128205128205128
629,8,3,0.7,0.5,0.25,4e-06,1,0.22186486959864168,1.8401742175057467,1,0.46153846153846156
630,9,3,0.85,0.1,0.05,4e-06,1,0.22930496476309256,1.4624022761009374,0,0.6666666666666666
631,10,3,0.85,0.1,0.15,4e-06,0,3.451172631829865e-06,1.1499971636448139,1,0.6666666666666666
632,11,3,0.85,0.1,0.25,4e-06,0,3.4511726296578657e-06,1.1499971636448194,1,0.5128205128205128
633,12,3,0.85,0.25,0.05,4e-06,1,0.2512762002429632,1.5467751276078356,0,0.4358974358974359
634,13,3,0.85,0.25,0.15,4e-06,1,0.24586807900052193,1.4361301683183851,0,0.5128205128205128
635,14,3,0.85,0.25,0.25,4e-06,1,0.1825179305218312,1.6574200868972866,0,0.5384615384615384
636,15,3,0.85,0.5,0.05,4e-06,0,0.0,1.6964659978336363,1,0.4358974358974359
637,16,3,0.85,0.5,0.15,4e-06,0,0.0,1.6964659978336665,1,0.46153846153846156
638,17,3,0.85,0.5,0.25,4e-06,1,0.24446411866961149,1.9484882434052897,1,0.48717948717948717
639,18,3,0.95,0.1,0.05,4e-06,1,0.23880583147253037,1.398954989634155,0,0.8717948717948718
640,19,3,0.95,0.1,0.15,4e-06,1,0.20900230702776257,1.398954989634155,0,0.5641025641025641
641,20,3,0.95,0.1,0.25,4e-06,1,0.14956070515605246,1.208613130233809,0,0.6923076923076923
642,21,3,0.95,0.25,0.05,4e-06,1,0.25293259284175496,1.7957262860091,0,0.5384615384615384
643,22,3,0.95,0.25,0.15,4e-06,1,0.24462553361196482,1.5467751276078356,0,0.5641025641025641
644,23,3,0.95,0.25,0.25,4e-06,0,7.231755593446788e-07,1.370163030273179,1,0.4358974358974359
645,24,3,0.95,0.5,0.05,4e-06,0,0.0,1.6964659978336722,1,0.358974358974359
646,25,3,0.95,0.5,0.15,4e-06,1,0.3663822549531212,1.8672527239806325,1,0.38461538461538464
647,26,3,0.95,0.5,0.25,4e-06,1,0.3145900053920315,1.9484882434052897,1,0.358974358974359
648,0,2,0.7,0.1,0.05,4e-06,1,0.26212860804848376,1.2298332687615403,0,0.5897435897435898
649,1,2,0.7,0.1,0.15,4e-06,1,0.2370588145271143,1.3597000612995775,0,0.5897435897435898
650,2,2,0.7,0.1,0.25,4e-06,0,5.8787611843439514e-06,1.1999698041802755,1,0.6410256410256411
651,3,2,0.7,0.25,0.05,4e-06,1,0.33277214639046115,1.5359405466283396,0,0.5128205128205128
652,4,2,0.7,0.25,0.15,4e-06,0,0.0,1.472926620827112,1,0.5897435897435898
653,5,2,0.7,0.25,0.25,4e-06,0,0.0,1.4729266208268863,1,0.48717948717948717
654,6,2,0.7,0.5,0.05,4e-06,0,8.747384673568709e-06,1.7994726558972651,1,0.5128205128205128
655,7,2,0.7,0.5,0.15,4e-06,0,8.74738464219563e-06,1.7994726558973142,1,0.5384615384615384
656,8,2,0.7,0.5,0.25,4e-06,1,0.2475992562334855,1.9346471490572201,1,0.46153846153846156
657,9,2,0.85,0.1,0.05,4e-06,1,0.26630357033012847,1.4029889921455898,0,0.6666666666666666
658,10,2,0.85,0.1,0.15,4e-06,1,0.2600666992027642,1.186544337915528,0,0.6410256410256411
659,11,2,0.85,0.1,0.25,4e-06,0,5.878761187728696e-06,1.1999698041802835,1,0.5128205128205128
660,12,2,0.85,0.25,0.05,4e-06,0,0.0,1.4729266208267515,1,0.46153846153846156
661,13,2,0.85,0.25,0.15,4e-06,0,0.0,1.4729266208266396,1,0.5384615384615384
662,14,2,0.85,0.25,0.25,4e-06,1,0.28832691533994576,1.4707349919892372,0,0.5384615384615384
663,15,2,0.85,0.5,0.05,4e-06,0,8.747384676078556e-06,1.7994726558974112,1,0.4358974358974359
664,16,2,0.85,0.5,0.15,4e-06,0,8.747384673568709e-06,1.7994726558973244,1,0.46153846153846156
665,17,2,0.85,0.5,0.25,4e-06,0,8.747384676078556e-06,1.7994726558973957,1,0.5128205128205128
666,18,2,0.95,0.1,0.05,4e-06,1,0.33560392942499495,1.4029889921455898,0,0.8717948717948718
667,19,2,0.95,0.1,0.15,4e-06,0,5.878761183951517e-06,1.1999698041802755,1,0.5897435897435898
668,20,2,0.95,0.1,0.25,4e-06,1,0.2972215476189645,1.7493004389136884,0,0.6923076923076923
669,21,2,0.95,0.25,0.05,4e-06,0,0.0,1.4729266208267833,1,0.5641025641025641
670,22,2,0.95,0.25,0.15,4e-06,0,0.0,1.4729266208268719,1,0.5897435897435898
671,23,2,0.95,0.25,0.25,4e-06,1,0.2794442002808815,1.4055294373501352,0,0.41025641025641024
672,24,2,0.95,0.5,0.05,4e-06,0,8.747384676078556e-06,1.7994726558974112,1,0.358974358974359
673,25,2,0.95,0.5,0.15,4e-06,0,8.747384644705477e-06,1.799472655897362,1,0.41025641025641024
674,26,2,0.95,0.5,0.25,4e-06,0,8.747384640940707e-06,1.799472655897345,1,0.38461538461538464
675,0,3,0.7,0.1,0.05,4e-06,0,3.4511726296578657e-06,1.1499971636448139,1,0.6153846153846154
676,1,3,0.7,0.1,0.15,4e-06,1,0.10851986570518019,1.430678632867546,0,0.5897435897435898
677,2,3,0.7,0.1,0.25,4e-06,1,0.0955334470809885,1.2403367734672,0,0.6153846153846154
678,3,3,0.7,0.25,0.05,4e-06,0,7.231755458770416e-07,1.370163030273195,1,0.5384615384615384
679,4,3,0.7,0.25,0.15,4e-06,1,0.1982932097098307,1.8233875258314622,0,0.5641025641025641
680,5,3,0.7,0.25,0.25,4e-06,0,7.231755250342695e-07,1.3701630302731942,1,0.48717948717948717
681,6,3,0.7,0.5,0.05,4e-06,0,0.0,1.6964659978336634,1,0.5128205128205128
682,7,3,0.7,0.5,0.15,4e-06,1,0.32158743908260246,1.8943312304555182,1,0.5128205128205128
683,8,3,0.7,0.5,0.25,4e-06,1,0.2191117802045597,1.7589386980810897,1,0.46153846153846156
684,9,3,0.85,0.1,0.05,4e-06,0,3.4511726294981598e-06,1.1499971636448016,1,0.6923076923076923
685,10,3,0.85,0.1,0.15,4e-06,1,0.14174366637411273,1.272060416700591,0,0.6410256410256411
686,11,3,0.85,0.1,0.25,4e-06,1,0.11816512955016927,1.4624022761009374,0,0.48717948717948717
687,12,3,0.85,0.25,0.05,4e-06,0,7.231755592377928e-07,1.370163030273254,1,0.46153846153846156
688,13,3,0.85,0.25,0.15,4e-06,1,0.24473501426088456,1.5191138877854733,0,0.5128205128205128
689,14,3,0.85,0.25,0.25,4e-06,1,0.18540178634530127,1.4361301683183851,0,0.5384615384615384
690,15,3,0.85,0.5,0.05,4e-06,0,0.0,1.6964659978336696,1,0.4358974358974359
691,16,3,0.85,0.5,0.15,4e-06,1,0.33678503976602847,1.7047816851313182,1,0.4358974358974359
692,17,3,0.85,0.5,0.25,4e-06,1,0.26678194969585245,1.6777031786564323,1,0.48717948717948717
693,18,3,0.95,0.1,0.05,4e-06,1,0.2449654427811937,1.5575732058011102,0,0.8717948717948718
694,19,3,0.95,0.1,0.15,4e-06,1,0.21590848183605824,1.430678632867546,0,0.5641025641025641
695,20,3,0.95,0.1,0.25,4e-06,1,0.15529491915219815,1.272060416700591,0,0.6923076923076923
696,21,3,0.95,0.25,0.05,4e-06,1,0.2674279680453051,1.602097607252561,0,0.5384615384615384
697,22,3,0.95,0.25,0.15,4e-06,1,0.2579172452223438,1.3531464488512972,0,0.5641025641025641
698,23,3,0.95,0.25,0.25,4e-06,0,7.231755450219534e-07,1.370163030273219,1,0.4358974358974359
699,24,3,0.95,0.5,0.05,4e-06,1,0.3681432246646084,1.8672527239806325,1,0.3333333333333333
700,25,3,0.95,0.5,0.15,4e-06,0,0.0,1.6964659978336456,1,0.41025641025641024
701,26,3,0.95,0.5,0.25,4e-06,1,0.33662900059578865,1.7047816851313182,1,0.358974358974359
702,0,2,0.7,0.1,0.05,4e-06,1,0.26696739949381376,1.4029889921455898,0,0.5897435897435898
703,1,2,0.7,0.1,0.15,4e-06,0,5.878761183951517e-06,1.1999698041802755,1,0.6153846153846154
704,2,2,0.7,0.1,0.25,4e-06,0,5.8787611862080135e-06,1.19996980418027,1,0.6410256410256411
705,3,2,0.7,0.25,0.05,4e-06,0,0.0,1.4729266208267862,1,0.5384615384615384
706,4,2,0.7,0.25,0.15,4e-06,0,0.0,1.4729266208268093,1,0.5897435897435898
707,5,2,0.7,0.25,0.25,4e-06,0,0.0,1.472926620827002,1,0.48717948717948717
708,6,2,0.7,0.5,0.05,4e-06,1,0.2317417061934374,1.787662012914724,1,0.48717948717948717
709,7,2,0.7,0.5,0.15,4e-06,1,0.25409527363410395,1.905250121828721,1,0.5128205128205128
710,8,2,0.7,0.5,0.25,4e-06,0,8.747384673568709e-06,1.7994726558973442,1,0.48717948717948717
711,9,2,0.85,0.1,0.05,4e-06,0,5.87876118409868e-06,1.1999698041802702,1,0.6923076923076923
712,10,2,0.85,0.1,0.15,4e-06,1,0.25767691243399454,1.3597000612995775,0,0.6410256410256411
713,11,2,0.85,0.1,0.25,4e-06,0,5.878761187728696e-06,1.1999698041802682,1,0.5128205128205128
714,12,2,0.85,0.25,0.05,4e-06,0,0.0,1.4729266208268927,1,0.46153846153846156
715,13,2,0.85,0.25,0.15,4e-06,0,0.0,1.4729266208268246,1,0.5384615384615384
716,14,2,0.85,0.25,0.25,4e-06,0,0.0,1.4729266208269096,1,0.5641025641025641
717,15,2,0.85,0.5,0.05,4e-06,0,8.747384810355336e-06,1.79947265589732,1,0.4358974358974359
718,16,2,0.85,0.5,0.15,4e-06,0,8.747384673568709e-06,1.7994726558974035,1,0.46153846153846156
719,17,2,0.85,0.5,0.25,4e-06,0,8.747384676078556e-06,1.7994726558972376,1,0.5128205128205128
720,18,2,0.95,0.1,0.05,4e-06,1,0.3030204035333093,1.4029889921455898,0,0.8717948717948718
721,19,2,0.95,0.1,0.15,4e-06,0,5.878761186355176e-06,1.1999698041802727,1,0.5897435897435898
722,20,2,0.95,0.1,0.25,4e-06,0,5.878761187532479e-06,1.199969804180271,1,0.717948717948718
723,21,2,0.95,0.25,0.05,4e-06,0,0.0,1.472926620826952,1,0.5641025641025641
724,22,2,0.95,0.25,0.15,4e-06,0,0.0,1.4729266208268048,1,0.5897435897435898
725,23,2,0.95,0.25,0.25,4e-06,0,0.0,1.4729266208267047,1,0.4358974358974359
726,24,2,0.95,0.5,0.05,4e-06,0,8.747384673568709e-06,1.7994726558973244,1,0.358974358974359
727,25,2,0.95,0.5,0.15,4e-06,0,8.747384676078556e-06,1.7994726558973522,1,0.41025641025641024
728,26,2,0.95,0.5,0.25,4e-06,0,8.74738464219563e-06,1.7994726558972274,1,0.38461538461538464
729,0,3,0.7,0.1,0.05,4e-06,1,0.20244405072771582,1.4941259193343281,0,0.5897435897435898
730,1,3,0.7,0.1,0.15,4e-06,1,0.10677584467792121,1.2403367734672,0,0.5897435897435898
731,2,3,0.7,0.1,0.25,4e-06,0,3.451172631829865e-06,1.149997163644813,1,0.6410256410256411
732,3,3,0.7,0.25,0.05,4e-06,0,7.231755430980052e-07,1.370163030273196,1,0.5384615384615384
733,4,3,0.7,0.25,0.15,4e-06,1,0.18862802906690418,1.3254852090289344,0,0.5641025641025641
734,5,3,0.7,0.25,0.25,4e-06,1,0.16477187423473438,1.5744363674301984,0,0.46153846153846156
735,6,3,0.7,0.5,0.05,4e-06,0,0.0,1.6964659978336296,1,0.5128205128205128
736,7,3,0.7,0.5,0.15,4e-06,1,0.310599303769742,1.8672527239806325,1,0.5128205128205128
737,8,3,0.7,0.5,0.25,4e-06,1,0.22613290384206408,2.002645256355061,1,0.46153846153846156
738,9,3,0.85,0.1,0.05,4e-06,1,0.23307544058144994,1.4624022761009374,0,0.6666666666666666
739,10,3,0.85,0.1,0.15,4e-06,1,0.14601050008626357,1.3037840599339818,0,0.6410256410256411
740,11,3,0.85,0.1,0.25,4e-06,1,0.11043933885190702,1.398954989634155,0,0.48717948717948717
741,12,3,0.85,0.25,0.05,4e-06,1,0.258387554999267,1.5467751276078356,0,0.4358974358974359
742,13,3,0.85,0.25,0.15,4e-06,0,7.23175528989052e-07,1.3701630302732015,1,0.5384615384615384
743,14,3,0.85,0.25,0.25,4e-06,1,0.1731237245565597,1.4361301683183851,0,0.5384615384615384
744,15,3,0.85,0.5,0.05,4e-06,1,0.3676670020909797,1.8943312304555182,1,0.41025641025641024
745,16,3,0.85,0.5,0.15,4e-06,1,0.35938625593245244,1.6777031786564323,1,0.4358974358974359
746,17,3,0.85,0.5,0.25,4e-06,0,0.0,1.696465997833677,1,0.5128205128205128
747,18,3,0.95,0.1,0.05,4e-06,1,0.24028640785532604,1.5258495625677193,0,0.8717948717948718
748,19,3,0.95,0.1,0.15,4e-06,0,3.4511726294981598e-06,1.1499971636448016,1,0.5897435897435898
749,20,3,0.95,0.1,0.25,4e-06,1,0.1648926806194145,1.4624022761009374,0,0.6923076923076923
750,21,3,0.95,0.25,0.05,4e-06,1,0.2601680443834715,1.5467751276078356,0,0.5384615384615384
751,22,3,0.95,0.25,0.15,4e-06,0,7.231755385019068e-07,1.3701630302731977,1,0.5897435897435898
752,23,3,0.95,0.25,0.25,4e-06,0,7.231755637270052e-07,1.3701630302731769,1,0.4358974358974359
753,24,3,0.95,0.5,0.05,4e-06,0,0.0,1.6964659978337366,1,0.358974358974359
754,25,3,0.95,0.5,0.15,4e-06,1,0.34990494743985806,1.8943312304555182,1,0.38461538461538464
755,26,3,0.95,0.5,0.25,4e-06,0,0.0,1.6964659978336585,1,0.38461538461538464
756,0,2,0.7,0.1,0.05,4e-06,0,5.8787611680088796e-06,1.1999698041802596,1,0.6153846153846154
757,1,2,0.7,0.1,0.15,4e-06,1,0.2360153490496248,1.6194336463756513,0,0.5897435897435898
758,2,2,0.7,0.1,0.25,4e-06,1,0.23458198309661052,1.4895668538376143,0,0.6153846153846154
759,3,2,0.7,0.25,0.05,4e-06,0,0.0,1.472926620826866,1,0.5384615384615384
760,4,2,0.7,0.25,0.15,4e-06,1,0.26041883577648456,1.6663516559065439,0,0.5641025641025641
761,5,2,0.7,0.25,0.25,4e-06,0,0.0,1.4729266208268017,1,0.48717948717948717
762,6,2,0.7,0.5,0.05,4e-06,0,8.747384644705477e-06,1.7994726558972753,1,0.5128205128205128
763,7,2,0.7,0.5,0.15,4e-06,1,0.23859978023501816,1.787662012914724,1,0.5128205128205128
764,8,2,0.7,0.5,0.25,4e-06,0,8.747384676078556e-06,1.7994726558972376,1,0.48717948717948717
765,9,2,0.85,0.1,0.05,4e-06,0,5.878761184245843e-06,1.199969804180281,1,0.6923076923076923
766,10,2,0.85,0.1,0.15,4e-06,0,5.8787611841477346e-06,1.1999698041802698,1,0.6666666666666666
767,11,2,0.85,0.1,0.25,4e-06,0,5.878761184196789e-06,1.199969804180267,1,0.5128205128205128
768,12,2,0.85,0.25,0.05,4e-06,1,0.2453406855569298,1.5685433239478908,0,0.4358974358974359
769,13,2,0.85,0.25,0.15,4e-06,0,0.0,1.4729266208268812,1,0.5384615384615384
770,14,2,0.85,0.25,0.25,4e-06,1,0.2463385487012581,1.4707349919892374,0,0.5384615384615384
771,15,2,0.85,0.5,0.05,4e-06,1,0.2539009056285504,1.7582649856862247,1,0.41025641025641024
772,16,2,0.85,0.5,0.15,4e-06,0,8.747384676078556e-06,1.7994726558972376,1,0.46153846153846156
773,17,2,0.85,0.5,0.25,4e-06,1,0.26573425364016606,1.8758530946002216,1,0.48717948717948717
774,18,2,0.95,0.1,0.05,4e-06,0,5.878761184393006e-06,1.1999698041802698,1,0.8974358974358975
775,19,2,0.95,0.1,0.15,4e-06,1,0.28588000826187715,1.5328557846836266,0,0.5641025641025641
776,20,2,0.95,0.1,0.25,4e-06,1,0.3021216251928345,1.446277922991602,0,0.6923076923076923
777,21,2,0.95,0.25,0.05,4e-06,0,0.0,1.4729266208269234,1,0.5641025641025641
778,22,2,0.95,0.25,0.15,4e-06,0,0.0,1.4729266208267544,1,0.5897435897435898
779,23,2,0.95,0.25,0.25,4e-06,1,0.2777585850785354,1.5359405466283396,0,0.41025641025641024
780,24,2,0.95,0.5,0.05,4e-06,0,8.747384676078556e-06,1.7994726558974112,1,0.358974358974359
781,25,2,0.95,0.5,0.15,4e-06,0,8.747384676078556e-06,1.7994726558974112,1,0.41025641025641024
782,26,2,0.95,0.5,0.25,4e-06,0,8.747384673568709e-06,1.7994726558974035,1,0.38461538461538464
783,0,3,0.7,0.1,0.05,4e-06,1,0.20773884942438473,1.2086131302338086,0,0.5897435897435898
784,1,3,0.7,0.1,0.15,4e-06,1,0.10292811851031114,1.1451658437670267,0,0.5897435897435898
785,2,3,0.7,0.1,0.25,4e-06,1,0.08999231031697731,1.1768894870004178,0,0.6153846153846154
786,3,3,0.7,0.25,0.05,4e-06,1,0.2597814930817237,1.6297588470749238,0,0.5128205128205128
787,4,3,0.7,0.25,0.15,4e-06,1,0.18557103948442583,1.6574200868972866,0,0.5641025641025641
788,5,3,0.7,0.25,0.25,4e-06,1,0.16200899998778362,1.4361301683183851,0,0.46153846153846156
789,6,3,0.7,0.5,0.05,4e-06,1,0.36692174529657234,1.9214097369304042,1,0.48717948717948717
790,7,3,0.7,0.5,0.15,4e-06,0,0.0,1.6964659978337042,1,0.5384615384615384
791,8,3,0.7,0.5,0.25,4e-06,0,0.0,1.6964659978335608,1,0.48717948717948717
792,9,3,0.85,0.1,0.05,4e-06,1,0.22968090097085084,1.5892968490345014,0,0.6666666666666666
793,10,3,0.85,0.1,0.15,4e-06,1,0.1413885085275839,1.5892968490345014,0,0.6410256410256411
794,11,3,0.85,0.1,0.25,4e-06,1,0.1153628279124817,1.462402276100937,0,0.48717948717948717
795,12,3,0.85,0.25,0.05,4e-06,0,7.23175540853399e-07,1.370163030273222,1,0.46153846153846156
796,13,3,0.85,0.25,0.15,4e-06,0,7.231755286683939e-07,1.3701630302731989,1,0.5384615384615384
797,14,3,0.85,0.25,0.25,4e-06,1,0.1686989231316074,1.5191138877854733,0,0.5384615384615384
798,15,3,0.85,0.5,0.05,4e-06,0,0.0,1.6964659978336287,1,0.4358974358974359
799,16,3,0.85,0.5,0.15,4e-06,0,0.0,1.6964659978336576,1,0.46153846153846156
800,17,3,0.85,0.5,0.25,4e-06,0,0.0,1.6964659978336478,1,0.5128205128205128
801,18,3,0.95,0.1,0.05,4e-06,0,3.4511726320853944e-06,1.1499971636448048,1,0.8974358974358975
802,19,3,0.95,0.1,0.15,4e-06,1,0.19888184333185197,1.5258495625677193,0,0.5641025641025641
803,20,3,0.95,0.1,0.25,4e-06,1,0.1592015948732885,1.208613130233809,0,0.6923076923076923
804,21,3,0.95,0.25,0.05,4e-06,1,0.2669120976496978,1.5467751276078356,0,0.5384615384615384
805,22,3,0.95,0.25,0.15,4e-06,1,0.25902277894017617,1.4637914081407477,0,0.5641025641025641
806,23,3,0.95,0.25,0.25,4e-06,1,0.24049028745441833,1.5744363674301984,0,0.41025641025641024
807,24,3,0.95,0.5,0.05,4e-06,0,0.0,1.6964659978336056,1,0.358974358974359
808,25,3,0.95,0.5,0.15,4e-06,0,0.0,1.6964659978335428,1,0.41025641025641024
809,26,3,0.95,0.5,0.25,4e-06,1,0.3327571790970282,2.002645256355061,1,0.358974358974359
810,0,2,0.7,0.1,0.05,4e-06,0,5.8787611843439514e-06,1.199969804180269,1,0.6153846153846154
811,1,2,0.7,0.1,0.15,4e-06,0,5.87876118777775e-06,1.1999698041802769,1,0.6153846153846154
812,2,2,0.7,0.1,0.25,4e-06,0,5.878761184245843e-06,1.199969804180281,1,0.6410256410256411
813,3,2,0.7,0.25,0.05,4e-06,1,0.25383229161616966,1.7315572105456463,0,0.5128205128205128
814,4,2,0.7,0.25,0.15,4e-06,1,0.2398307392529107,1.9271738744629527,0,0.5641025641025641
815,5,2,0.7,0.25,0.25,4e-06,0,0.0,1.4729266208270753,1,0.48717948717948717
816,6,2,0.7,0.5,0.05,4e-06,1,0.24846327469831755,2.022838230742718,1,0.48717948717948717
817,7,2,0.7,0.5,0.15,4e-06,0,8.747384673568709e-06,1.7994726558972651,1,0.5384615384615384
818,8,2,0.7,0.5,0.25,4e-06,0,8.747384647215324e-06,1.7994726558973697,1,0.48717948717948717
819,9,2,0.85,0.1,0.05,4e-06,1,0.2805822905756762,1.706011508067676,0,0.6666666666666666
820,10,2,0.85,0.1,0.15,4e-06,1,0.2606319402177424,1.4029889921455898,0,0.6410256410256411
821,11,2,0.85,0.1,0.25,4e-06,1,0.24397865573314956,1.3597000612995773,0,0.48717948717948717
822,12,2,0.85,0.25,0.05,4e-06,0,0.0,1.4729266208267227,1,0.46153846153846156
823,13,2,0.85,0.25,0.15,4e-06,1,0.2791829276253054,1.4707349919892372,0,0.5128205128205128
824,14,2,0.85,0.25,0.25,4e-06,1,0.2662469551345612,1.5359405466283396,0,0.5384615384615384
825,15,2,0.85,0.5,0.05,4e-06,1,0.24533546463680095,1.6994709312292262,1,0.41025641025641024
826,16,2,0.85,0.5,0.15,4e-06,1,0.2751486175569613,1.8464560673717223,1,0.4358974358974359
827,17,2,0.85,0.5,0.25,4e-06,0,8.747384676078556e-06,1.7994726558973166,1,0.5128205128205128
828,18,2,0.95,0.1,0.05,4e-06,1,0.3086562339042338,1.3164111304535653,0,0.8717948717948718
829,19,2,0.95,0.1,0.15,4e-06,1,0.2970761531167607,1.6627225772216638,0,0.5641025641025641
830,20,2,0.95,0.1,0.25,4e-06,1,0.272895812455582,1.4895668538376143,0,0.6923076923076923
831,21,2,0.95,0.25,0.05,4e-06,1,0.3336751819886948,1.5033377693087884,0,0.5384615384615384
832,22,2,0.95,0.25,0.15,4e-06,0,0.0,1.4729266208268492,1,0.5897435897435898
833,23,2,0.95,0.25,0.25,4e-06,1,0.2899228839850907,1.4055294373501352,0,0.41025641025641024
834,24,2,0.95,0.5,0.05,4e-06,1,0.35828391851658853,1.787662012914724,1,0.3333333333333333
835,25,2,0.95,0.5,0.15,4e-06,0,8.747384647215324e-06,1.799472655897362,1,0.41025641025641024
836,26,2,0.95,0.5,0.25,4e-06,1,0.2651108295136737,1.7582649856862247,1,0.358974358974359
837,0,3,0.7,0.1,0.05,4e-06,1,0.2012827473842245,1.5892968490345014,0,0.5897435897435898
838,1,3,0.7,0.1,0.15,4e-06,0,3.4511726294981598e-06,1.1499971636448016,1,0.6153846153846154
839,2,3,0.7,0.1,0.25,4e-06,0,3.451172632277041e-06,1.14999716364483,1,0.6410256410256411
840,3,3,0.7,0.25,0.05,4e-06,1,0.2612451564210945,1.4084689284960226,0,0.5128205128205128
841,4,3,0.7,0.25,0.15,4e-06,1,0.17677179760624642,1.38080768867366,0,0.5641025641025641
842,5,3,0.7,0.25,0.25,4e-06,0,7.23175550580026e-07,1.3701630302731995,1,0.48717948717948717
843,6,3,0.7,0.5,0.05,4e-06,0,0.0,1.6964659978336234,1,0.5128205128205128
844,7,3,0.7,0.5,0.15,4e-06,1,0.3260518250933841,1.8401742175057467,1,0.5128205128205128
845,8,3,0.7,0.5,0.25,4e-06,1,0.23491530563264046,1.731860191606204,1,0.46153846153846156
846,9,3,0.85,0.1,0.05,4e-06,1,0.2286936831118742,1.2403367734672,0,0.6666666666666666
847,10,3,0.85,0.1,0.15,4e-06,1,0.1408094821709457,1.3672313464007642,0,0.6410256410256411
848,11,3,0.85,0.1,0.25,4e-06,1,0.11262237030740589,1.5892968490345014,0,0.48717948717948717
849,12,3,0.85,0.25,0.05,4e-06,1,0.2645388377866123,1.6297588470749238,0,0.4358974358974359
850,13,3,0.85,0.25,0.15,4e-06,1,0.2405743041758119,1.4637914081407477,0,0.5128205128205128
851,14,3,0.85,0.25,0.25,4e-06,1,0.183476717297095,1.7957262860091,0,0.5384615384615384
852,15,3,0.85,0.5,0.05,4e-06,0,0.0,1.6964659978336207,1,0.4358974358974359
853,16,3,0.85,0.5,0.15,4e-06,1,0.3522183534503946,2.0568022693048325,1,0.4358974358974359
854,17,3,0.85,0.5,0.25,4e-06,1,0.2572570841118799,1.6777031786564323,1,0.48717948717948717
855,18,3,0.95,0.1,0.05,4e-06,1,0.22921186595065215,1.7161914219680654,0,0.8717948717948718
856,19,3,0.95,0.1,0.15,4e-06,0,3.4511726325006294e-06,1.1499971636448192,1,0.5897435897435898
857,20,3,0.95,0.1,0.25,4e-06,1,0.15702173794286134,1.303784059933982,0,0.6923076923076923
858,21,3,0.95,0.25,0.05,4e-06,1,0.27160043314988996,1.6574200868972866,0,0.5384615384615384
859,22,3,0.95,0.25,0.15,4e-06,1,0.24635134221628782,1.5467751276078359,0,0.5641025641025641
860,23,3,0.95,0.25,0.25,4e-06,1,0.24767208729172946,1.7404038063643743,0,0.41025641025641024
861,24,3,0.95,0.5,0.05,4e-06,0,0.0,1.6964659978337042,1,0.358974358974359
862,25,3,0.95,0.5,0.15,4e-06,1,0.3728823378136672,1.9484882434052897,1,0.38461538461538464
863,26,3,0.95,0.5,0.25,4e-06,1,0.31359217697494324,1.731860191606204,1,0.358974358974359
864,0,2,0.7,0.1,0.05,4e-06,1,0.22727414116597636,1.3597000612995775,0,0.5897435897435898
865,1,2,0.7,0.1,0.15,4e-06,0,5.8787611841477346e-06,1.1999698041802747,1,0.6153846153846154
866,2,2,0.7,0.1,0.25,4e-06,1,0.22345585652674685,1.2731221996075528,0,0.6153846153846154
867,3,2,0.7,0.25,0.05,4e-06,0,0.0,1.4729266208268497,1,0.5384615384615384
868,4,2,0.7,0.25,0.15,4e-06,0,0.0,1.4729266208269518,1,0.5897435897435898
869,5,2,0.7,0.25,0.25,4e-06,0,0.0,1.4729266208269354,1,0.48717948717948717
870,6,2,0.7,0.5,0.05,4e-06,0,8.747384673568709e-06,1.7994726558973244,1,0.5128205128205128
871,7,2,0.7,0.5,0.15,4e-06,0,8.747384647215324e-06,1.7994726558972838,1,0.5384615384615384
872,8,2,0.7,0.5,0.25,4e-06,1,0.26103463136739247,1.8170590401432232,1,0.46153846153846156
873,9,2,0.85,0.1,0.05,4e-06,1,0.26274942749346447,1.5328557846836266,0,0.6666666666666666
874,10,2,0.85,0.1,0.15,4e-06,0,5.878761184245843e-06,1.1999698041802753,1,0.6666666666666666
875,11,2,0.85,0.1,0.25,4e-06,1,0.2585098235279368,1.3597000612995775,0,0.48717948717948717
876,12,2,0.85,0.25,0.05,4e-06,1,0.2560964646961099,1.6011461012674417,0,0.4358974358974359
877,13,2,0.85,0.25,0.15,4e-06,0,0.0,1.472926620827097,1,0.5384615384615384
878,14,2,0.85,0.25,0.25,4e-06,1,0.23837187378044752,1.4055294373501352,0,0.5384615384615384
879,15,2,0.85,0.5,0.05,4e-06,0,8.747384613332398e-06,1.7994726558972651,1,0.4358974358974359
880,16,2,0.85,0.5,0.15,4e-06,0,8.747384647215324e-06,1.7994726558972838,1,0.46153846153846156
881,17,2,0.85,0.5,0.25,4e-06,1,0.2780136094704504,2.0522352579712173,1,0.48717948717948717
882,18,2,0.95,0.1,0.05,4e-06,0,5.8787611876305875e-06,1.1999698041802822,1,0.8974358974358975
883,19,2,0.95,0.1,0.15,4e-06,0,5.878761191407767e-06,1.1999698041802849,1,0.5897435897435898
884,20,2,0.95,0.1,0.25,4e-06,1,0.2784932724893272,1.6627225772216636,0,0.6923076923076923
885,21,2,0.95,0.25,0.05,4e-06,1,0.3466656057031205,1.601146101267442,0,0.5384615384615384
886,22,2,0.95,0.25,0.15,4e-06,1,0.2747671396998813,1.4707349919892372,0,0.5641025641025641
887,23,2,0.95,0.25,0.25,4e-06,0,0.0,1.472926620826947,1,0.4358974358974359
888,24,2,0.95,0.5,0.05,4e-06,0,8.747384673568709e-06,1.7994726558974035,1,0.358974358974359
889,25,2,0.95,0.5,0.15,4e-06,0,8.747384647215324e-06,1.7994726558973948,1,0.41025641025641024
890,26,2,0.95,0.5,0.25,4e-06,0,8.747384781492102e-06,1.799472655897332,1,0.38461538461538464
891,0,3,0.7,0.1,0.05,4e-06,1,0.20343435387930855,1.4624022761009374,0,0.5897435897435898
892,1,3,0.7,0.1,0.15,4e-06,0,3.4511726323409235e-06,1.149997163644809,1,0.6153846153846154
893,2,3,0.7,0.1,0.25,4e-06,1,0.08983745377046727,1.1451658437670267,0,0.6153846153846154
894,3,3,0.7,0.25,0.05,4e-06,0,7.231755490836218e-07,1.3701630302731134,1,0.5384615384615384
895,4,3,0.7,0.25,0.15,4e-06,1,0.18624348729933418,1.5191138877854733,0,0.5641025641025641
896,5,3,0.7,0.25,0.25,4e-06,0,7.231755347608965e-07,1.370163030273175,1,0.48717948717948717
897,6,3,0.7,0.5,0.05,4e-06,1,0.3578060493558843,1.9484882434052897,1,0.48717948717948717
898,7,3,0.7,0.5,0.15,4e-06,1,0.3170904136707891,1.9484882434052897,1,0.5128205128205128
899,8,3,0.7,0.5,0.25,4e-06,1,0.23035781347050743,1.731860191606204,1,0.46153846153846156
900,9,3,0.85,0.1,0.05,4e-06,0,3.4511726296259245e-06,1.1499971636448152,1,0.6923076923076923
901,10,3,0.85,0.1,0.15,4e-06,1,0.13791513995670823,1.398954989634155,0,0.6410256410256411
902,11,3,0.85,0.1,0.25,4e-06,1,0.10949884528406015,1.6210204922678926,0,0.48717948717948717
903,12,3,0.85,0.25,0.05,4e-06,1,0.2643106369490909,1.6297588470749238,0,0.4358974358974359
904,13,3,0.85,0.25,0.15,4e-06,1,0.22389072574803492,1.4361301683183851,0,0.5128205128205128
905,14,3,0.85,0.25,0.25,4e-06,0,7.231755320887463e-07,1.3701630302731604,1,0.5641025641025641
906,15,3,0.85,0.5,0.05,4e-06,1,0.3653439051537201,1.8130957110308608,1,0.41025641025641024
907,16,3,0.85,0.5,0.15,4e-06,1,0.3591933249334939,1.8672527239806325,1,0.4358974358974359
908,17,3,0.85,0.5,0.25,4e-06,0,0.0,1.6964659978337007,1,0.5128205128205128
909,18,3,0.95,0.1,0.05,4e-06,1,0.23471871933315624,1.4306786328675463,0,0.8717948717948718
910,19,3,0.95,0.1,0.15,4e-06,1,0.2067834443113208,1.2403367734672,0,0.5641025641025641
911,20,3,0.95,0.1,0.25,4e-06,1,0.15720459321388844,1.6844677787346747,0,0.6923076923076923
912,21,3,0.95,0.25,0.05,4e-06,1,0.25986137377355434,1.6297588470749238,0,0.5384615384615384
913,22,3,0.95,0.25,0.15,4e-06,1,0.26382086826365797,1.5744363674301987,0,0.5641025641025641
914,23,3,0.95,0.25,0.25,4e-06,0,7.231755206519432e-07,1.3701630302732406,1,0.4358974358974359
915,24,3,0.95,0.5,0.05,4e-06,0,0.0,1.6964659978336236,1,0.358974358974359
916,25,3,0.95,0.5,0.15,4e-06,0,0.0,1.6964659978336094,1,0.41025641025641024
917,26,3,0.95,0.5,0.25,4e-06,0,0.0,1.6964659978337318,1,0.38461538461538464
918,0,2,0.7,0.1,0.05,4e-06,0,5.87876118409868e-06,1.1999698041802804,1,0.6153846153846154
919,1,2,0.7,0.1,0.15,4e-06,1,0.22638817456362667,1.2731221996075528,0,0.5897435897435898
920,2,2,0.7,0.1,0.25,4e-06,1,0.20113351120774442,1.446277922991602,0,0.6153846153846154
921,3,2,0.7,0.25,0.05,4e-06,0,0.0,1.4729266208267846,1,0.5384615384615384
922,4,2,0.7,0.25,0.15,4e-06,0,0.0,1.4729266208268523,1,0.5897435897435898
923,5,2,0.7,0.25,0.25,4e-06,1,0.23818763890104458,1.5033377693087884,0,0.46153846153846156
924,6,2,0.7,0.5,0.05,4e-06,0,8.747384647215324e-06,1.799472655897404,1,0.5128205128205128
925,7,2,0.7,0.5,0.15,4e-06,0,8.74738464219563e-06,1.7994726558973142,1,0.5384615384615384
926,8,2,0.7,0.5,0.25,4e-06,1,0.23641440699553407,1.9346471490572203,1,0.46153846153846156
927,9,2,0.85,0.1,0.05,4e-06,0,5.878761184245843e-06,1.199969804180281,1,0.6923076923076923
928,10,2,0.85,0.1,0.15,4e-06,1,0.23751424091172899,1.446277922991602,0,0.6410256410256411
929,11,2,0.85,0.1,0.25,4e-06,0,5.87876118409868e-06,1.1999698041802702,1,0.5128205128205128
930,12,2,0.85,0.25,0.05,4e-06,1,0.30245648728086644,1.731557210545646,0,0.4358974358974359
931,13,2,0.85,0.25,0.15,4e-06,0,0.0,1.472926620826998,1,0.5384615384615384
932,14,2,0.85,0.25,0.25,4e-06,0,0.0,1.4729266208267031,1,0.5641025641025641
933,15,2,0.85,0.5,0.05,4e-06,0,8.747384647215324e-06,1.7994726558973697,1,0.4358974358974359
934,16,2,0.85,0.5,0.15,4e-06,1,0.2531650789565892,1.787662012914724,1,0.4358974358974359
935,17,2,0.85,0.5,0.25,4e-06,0,8.747384676078556e-06,1.7994726558973522,1,0.5128205128205128
936,18,2,0.95,0.1,0.05,4e-06,1,0.30975878269655677,1.5328557846836266,0,0.8717948717948718
937,19,2,0.95,0.1,0.15,4e-06,0,5.878761187924913e-06,1.1999698041802782,1,0.5897435897435898
938,20,2,0.95,0.1,0.25,4e-06,1,0.277728099977014,1.5328557846836266,0,0.6923076923076923
939,21,2,0.95,0.25,0.05,4e-06,0,0.0,1.4729266208268013,1,0.5641025641025641
940,22,2,0.95,0.25,0.15,4e-06,0,0.0,1.4729266208268872,1,0.5897435897435898
941,23,2,0.95,0.25,0.25,4e-06,0,0.0,1.4729266208270277,1,0.4358974358974359
942,24,2,0.95,0.5,0.05,4e-06,0,8.747384810355336e-06,1.799472655897359,1,0.358974358974359
943,25,2,0.95,0.5,0.15,4e-06,0,8.747384676078556e-06,1.7994726558974112,1,0.41025641025641024
944,26,2,0.95,0.5,0.25,4e-06,0,8.7473846459604e-06,1.7994726558973433,1,0.38461538461538464
945,0,3,0.7,0.1,0.05,4e-06,0,3.451172633426923e-06,1.1499971636448267,1,0.6153846153846154
946,1,3,0.7,0.1,0.15,4e-06,0,3.4511726332672175e-06,1.1499971636448298,1,0.6153846153846154
947,2,3,0.7,0.1,0.25,4e-06,1,0.09188471965998274,1.335507703167373,0,0.6153846153846154
948,3,3,0.7,0.25,0.05,4e-06,1,0.26971544628698313,1.5191138877854733,0,0.5128205128205128
949,4,3,0.7,0.25,0.15,4e-06,1,0.18090742181486097,1.7127425665420117,0,0.5641025641025641
950,5,3,0.7,0.25,0.25,4e-06,1,0.1635967081836654,1.6297588470749238,0,0.46153846153846156
951,6,3,0.7,0.5,0.05,4e-06,1,0.3584522907277762,1.9484882434052897,1,0.48717948717948717
952,7,3,0.7,0.5,0.15,4e-06,0,0.0,1.6964659978335994,1,0.5384615384615384
953,8,3,0.7,0.5,0.25,4e-06,0,0.0,1.6964659978336731,1,0.48717948717948717
954,9,3,0.85,0.1,0.05,4e-06,1,0.2176807054787512,1.3037840599339818,0,0.6666666666666666
955,10,3,0.85,0.1,0.15,4e-06,1,0.1371224903845736,1.3672313464007642,0,0.6410256410256411
956,11,3,0.85,0.1,0.25,4e-06,1,0.11263713533352843,1.335507703167373,0,0.48717948717948717
957,12,3,0.85,0.25,0.05,4e-06,1,0.2719371256338524,1.5191138877854733,0,0.4358974358974359
958,13,3,0.85,0.25,0.15,4e-06,1,0.22292089923665204,1.4637914081407477,0,0.5128205128205128
959,14,3,0.85,0.25,0.25,4e-06,0,7.231755199037411e-07,1.3701630302731385,1,0.5641025641025641
960,15,3,0.85,0.5,0.05,4e-06,1,0.36867439029432963,1.8401742175057467,1,0.41025641025641024
961,16,3,0.85,0.5,0.15,4e-06,1,0.34970361021544566,2.1651162952043754,1,0.4358974358974359
962,17,3,0.85,0.5,0.25,4e-06,1,0.2657748861351171,1.9755667498801752,1,0.48717948717948717
963,18,3,0.95,0.1,0.05,4e-06,1,0.2347611670068747,1.335507703167373,0,0.8717948717948718
964,19,3,0.95,0.1,0.15,4e-06,0,3.4511726296578657e-06,1.1499971636448139,1,0.5897435897435898
965,20,3,0.95,0.1,0.25,4e-06,1,0.1662909805019613,1.272060416700591,0,0.6923076923076923
966,21,3,0.95,0.25,0.05,4e-06,1,0.26272885327036266,1.6574200868972866,0,0.5384615384615384
967,22,3,0.95,0.25,0.15,4e-06,1,0.2622213094042817,1.6297588470749238,0,0.5641025641025641
968,23,3,0.95,0.25,0.25,4e-06,0,7.23175529523482e-07,1.370163030273196,1,0.4358974358974359
969,24,3,0.95,0.5,0.05,4e-06,1,0.37255200870066674,1.9484882434052897,1,0.3333333333333333
970,25,3,0.95,0.5,0.15,4e-06,1,0.36007063123970107,1.8943312304555182,1,0.38461538461538464
971,26,3,0.95,0.5,0.25,4e-06,1,0.3392706148926572,1.9214097369304042,1,0.358974358974359
972,0,2,0.7,0.1,0.05,4e-06,0,5.878761184393006e-06,1.1999698041802698,1,0.6153846153846154
973,1,2,0.7,0.1,0.15,4e-06,0,5.878761184393006e-06,1.1999698041802698,1,0.6153846153846154
974,2,2,0.7,0.1,0.25,4e-06,0,5.878761186355176e-06,1.199969804180272,1,0.6410256410256411
975,3,2,0.7,0.25,0.05,4e-06,1,0.2696678081309619,1.601146101267442,0,0.5128205128205128
976,4,2,0.7,0.25,0.15,4e-06,0,0.0,1.4729266208268892,1,0.5897435897435898
977,5,2,0.7,0.25,0.25,4e-06,1,0.2548654085185202,1.7315572105456463,0,0.46153846153846156
978,6,2,0.7,0.5,0.05,4e-06,1,0.32255344024221794,1.7288679584577253,1,0.48717948717948717
979,7,2,0.7,0.5,0.15,4e-06,1,0.24717060885950512,1.8170590401432232,1,0.5128205128205128
980,8,2,0.7,0.5,0.25,4e-06,0,8.7473846459604e-06,1.7994726558973433,1,0.48717948717948717
981,9,2,0.85,0.1,0.05,4e-06,1,0.2753503562571082,1.2298332687615403,0,0.6666666666666666
982,10,2,0.85,0.1,0.15,4e-06,0,5.87876118777775e-06,1.1999698041802755,1,0.6666666666666666
983,11,2,0.85,0.1,0.25,4e-06,0,5.87876118409868e-06,1.1999698041802758,1,0.5128205128205128
984,12,2,0.85,0.25,0.05,4e-06,0,0.0,1.4729266208268692,1,0.46153846153846156
985,13,2,0.85,0.25,0.15,4e-06,0,0.0,1.4729266208270062,1,0.5384615384615384
986,14,2,0.85,0.25,0.25,4e-06,0,0.0,1.4729266208267537,1,0.5641025641025641
987,15,2,0.85,0.5,0.05,4e-06,1,0.21960094803935729,1.787662012914724,1,0.41025641025641024
988,16,2,0.85,0.5,0.15,4e-06,0,8.747384673568709e-06,1.7994726558973442,1,0.46153846153846156
989,17,2,0.85,0.5,0.25,4e-06,0,8.747384647215324e-06,1.7994726558973948,1,0.5128205128205128
990,18,2,0.95,0.1,0.05,4e-06,1,0.324023744419681,1.3164111304535653,0,0.8717948717948718
991,19,2,0.95,0.1,0.15,4e-06,0,5.87876118983803e-06,1.1999698041802804,1,0.5897435897435898
992,20,2,0.95,0.1,0.25,4e-06,0,5.878761186257068e-06,1.1999698041802782,1,0.717948717948718
993,21,2,0.95,0.25,0.05,4e-06,1,0.3688670663472352,1.5685433239478908,0,0.5384615384615384
994,22,2,0.95,0.25,0.15,4e-06,0,0.0,1.4729266208270357,1,0.5897435897435898
995,23,2,0.95,0.25,0.25,4e-06,0,0.0,1.4729266208269256,1,0.4358974358974359
996,24,2,0.95,0.5,0.05,4e-06,0,8.74738464219563e-06,1.799472655897286,1,0.358974358974359
997,25,2,0.95,0.5,0.15,4e-06,0,8.747384673568709e-06,1.7994726558973442,1,0.41025641025641024
998,26,2,0.95,0.5,0.25,4e-06,0,8.747384673568709e-06,1.7994726558972651,1,0.38461538461538464
999,0,3,0.7,0.1,0.05,4e-06,1,0.20654217424408153,1.4306786328675463,0,0.5897435897435898
1000,1,3,0.7,0.1,0.15,4e-06,1,0.10558736418268162,1.208613130233809,0,0.5897435897435898
1001,2,3,0.7,0.1,0.25,4e-06,1,0.09371822314750472,1.6210204922678926,0,0.6153846153846154
1002,3,3,0.7,0.25,0.05,4e-06,1,0.26137541624473803,1.6297588470749236,0,0.5128205128205128
1003,4,3,0.7,0.25,0.15,4e-06,1,0.1852195108666673,1.4914526479631105,0,0.5641025641025641
1004,5,3,0.7,0.25,0.25,4e-06,0,7.231755476941037e-07,1.3701630302732164,1,0.48717948717948717
1005,6,3,0.7,0.5,0.05,4e-06,1,0.35652143104225265,1.9214097369304042,1,0.48717948717948717
1006,7,3,0.7,0.5,0.15,4e-06,0,0.0,1.6964659978337355,1,0.5384615384615384
1007,8,3,0.7,0.5,0.25,4e-06,1,0.23953714766725814,1.731860191606204,1,0.46153846153846156
1008,9,3,0.85,0.1,0.05,4e-06,1,0.224760400960052,1.3672313464007642,0,0.6666666666666666
1009,10,3,0.85,0.1,0.15,4e-06,0,3.4511726295939834e-06,1.1499971636448096,1,0.6666666666666666
1010,11,3,0.85,0.1,0.25,4e-06,1,0.11339469207795622,1.4941259193343281,0,0.48717948717948717
1011,12,3,0.85,0.25,0.05,4e-06,0,7.231755373261607e-07,1.3701630302731431,1,0.46153846153846156
1012,13,3,0.85,0.25,0.15,4e-06,1,0.23686024490113092,1.602097607252561,0,0.5128205128205128
1013,14,3,0.85,0.25,0.25,4e-06,1,0.186426973801862,1.5467751276078356,0,0.5384615384615384
1014,15,3,0.85,0.5,0.05,4e-06,1,0.3489766587181751,1.8672527239806325,1,0.41025641025641024
1015,16,3,0.85,0.5,0.15,4e-06,0,0.0,1.6964659978336132,1,0.46153846153846156
1016,17,3,0.85,0.5,0.25,4e-06,0,0.0,1.6964659978336318,1,0.5128205128205128
1017,18,3,0.95,0.1,0.05,4e-06,1,0.23674106522085786,1.303784059933982,0,0.8717948717948718
1018,19,3,0.95,0.1,0.15,4e-06,1,0.2110479727794523,1.3037840599339818,0,0.5641025641025641
1019,20,3,0.95,0.1,0.25,4e-06,1,0.15708497311911415,1.272060416700591,0,0.6923076923076923
1020,21,3,0.95,0.25,0.05,4e-06,1,0.2594931329515454,1.685081326719649,0,0.5384615384615384
1021,22,3,0.95,0.25,0.15,4e-06,1,0.2459768687735175,1.602097607252561,0,0.5641025641025641
1022,23,3,0.95,0.25,0.25,4e-06,0,7.23175540212083e-07,1.3701630302731687,1,0.4358974358974359
1023,24,3,0.95,0.5,0.05,4e-06,1,0.3665174338279935,1.7589386980810895,1,0.3333333333333333
1024,25,3,0.95,0.5,0.15,4e-06,0,0.0,1.6964659978336607,1,0.41025641025641024
1025,26,3,0.95,0.5,0.25,4e-06,0,0.0,1.6964659978337397,1,0.38461538461538464
1026,0,2,0.7,0.1,0.05,4e-06,1,0.25798810668415606,1.3164111304535653,0,0.5897435897435898
1027,1,2,0.7,0.1,0.15,4e-06,1,0.24032868812138805,1.3597000612995775,0,0.5897435897435898
1028,2,2,0.7,0.1,0.25,4e-06,1,0.22935650358733822,1.4029889921455898,0,0.6153846153846154
1029,3,2,0.7,0.25,0.05,4e-06,0,0.0,1.4729266208267782,1,0.5384615384615384
1030,4,2,0.7,0.25,0.15,4e-06,1,0.25345443506806953,1.731557210545646,0,0.5641025641025641
1031,5,2,0.7,0.25,0.25,4e-06,0,0.0,1.4729266208269758,1,0.48717948717948717
1032,6,2,0.7,0.5,0.05,4e-06,1,0.2563022555514261,1.787662012914724,1,0.48717948717948717
1033,7,2,0.7,0.5,0.15,4e-06,1,0.21639858026137535,2.140426339656715,1,0.5128205128205128
1034,8,2,0.7,0.5,0.25,4e-06,0,8.747384810355336e-06,1.7994726558974183,1,0.48717948717948717
1035,9,2,0.85,0.1,0.05,4e-06,1,0.30614126496503136,1.316411130453565,0,0.6666666666666666
1036,10,2,0.85,0.1,0.15,4e-06,1,0.2596343182157977,1.446277922991602,0,0.6410256410256411
1037,11,2,0.85,0.1,0.25,4e-06,0,5.878761183951517e-06,1.1999698041802755,1,0.5128205128205128
1038,12,2,0.85,0.25,0.05,4e-06,0,0.0,1.4729266208266854,1,0.46153846153846156
1039,13,2,0.85,0.25,0.15,4e-06,0,0.0,1.4729266208269776,1,0.5384615384615384
1040,14,2,0.85,0.25,0.25,4e-06,0,0.0,1.47292662082682,1,0.5641025641025641
1041,15,2,0.85,0.5,0.05,4e-06,0,8.747384673568709e-06,1.7994726558973442,1,0.4358974358974359
1042,16,2,0.85,0.5,0.15,4e-06,0,8.747384676078556e-06,1.7994726558973522,1,0.46153846153846156
1043,17,2,0.85,0.5,0.25,4e-06,0,8.747384676078556e-06,1.7994726558972376,1,0.5128205128205128
1044,18,2,0.95,0.1,0.05,4e-06,1,0.31939926900325355,1.3597000612995775,0,0.8717948717948718
1045,19,2,0.95,0.1,0.15,4e-06,0,5.87876118409868e-06,1.1999698041802804,1,0.5897435897435898
1046,20,2,0.95,0.1,0.25,4e-06,0,5.878761187924913e-06,1.1999698041802735,1,0.717948717948718
1047,21,2,0.95,0.25,0.05,4e-06,0,0.0,1.4729266208268545,1,0.5641025641025641
1048,22,2,0.95,0.25,0.15,4e-06,0,0.0,1.4729266208269087,1,0.5897435897435898
1049,23,2,0.95,0.25,0.25,4e-06,1,0.29299419229039814,1.5359405466283396,0,0.41025641025641024
1050,24,2,0.95,0.5,0.05,4e-06,1,0.40011256717024885,2.081632285199716,1,0.3333333333333333
1051,25,2,0.95,0.5,0.15,4e-06,0,8.747384676078556e-06,1.7994726558973166,1,0.41025641025641024
1052,26,2,0.95,0.5,0.25,4e-06,0,8.747384676078556e-06,1.7994726558973166,1,0.38461538461538464
1053,0,3,0.7,0.1,0.05,4e-06,0,3.4511726295939834e-06,1.1499971636448096,1,0.6153846153846154
1054,1,3,0.7,0.1,0.15,4e-06,1,0.10218099331978342,1.8113623516682387,0,0.5897435897435898
1055,2,3,0.7,0.1,0.25,4e-06,1,0.101934633809768,1.335507703167373,0,0.6153846153846154
1056,3,3,0.7,0.25,0.05,4e-06,1,0.27169197311220433,1.4914526479631105,0,0.5128205128205128
1057,4,3,0.7,0.25,0.15,4e-06,1,0.204431094375695,1.5191138877854733,0,0.5641025641025641
1058,5,3,0.7,0.25,0.25,4e-06,1,0.17308657107884748,1.5191138877854733,0,0.46153846153846156
1059,6,3,0.7,0.5,0.05,4e-06,1,0.3567990065019547,2.0568022693048325,1,0.48717948717948717
1060,7,3,0.7,0.5,0.15,4e-06,1,0.3180797431280552,1.7860172045559752,1,0.5128205128205128
1061,8,3,0.7,0.5,0.25,4e-06,0,0.0,1.69646599783355,1,0.48717948717948717
1062,9,3,0.85,0.1,0.05,4e-06,1,0.21794225625547758,1.398954989634155,0,0.6666666666666666
1063,10,3,0.85,0.1,0.15,4e-06,1,0.13100424007033062,1.430678632867546,0,0.6410256410256411
1064,11,3,0.85,0.1,0.25,4e-06,1,0.1169061714056805,1.430678632867546,0,0.48717948717948717
1065,12,3,0.85,0.25,0.05,4e-06,0,7.231755567794146e-07,1.3701630302731835,1,0.46153846153846156
1066,13,3,0.85,0.25,0.15,4e-06,1,0.2358570634476414,1.4914526479631105,0,0.5128205128205128
1067,14,3,0.85,0.25,0.25,4e-06,1,0.17520837096924588,1.5467751276078356,0,0.5384615384615384
1068,15,3,0.85,0.5,0.05,4e-06,0,0.0,1.6964659978336816,1,0.4358974358974359
1069,16,3,0.85,0.5,0.15,4e-06,1,0.3663987765080122,1.9214097369304037,1,0.4358974358974359
1070,17,3,0.85,0.5,0.25,4e-06,1,0.2769705677067172,1.9214097369304037,1,0.48717948717948717
1071,18,3,0.95,0.1,0.05,4e-06,1,0.23444654834970088,1.5258495625677193,0,0.8717948717948718
1072,19,3,0.95,0.1,0.15,4e-06,1,0.20384541225891809,1.3037840599339818,0,0.5641025641025641
1073,20,3,0.95,0.1,0.25,4e-06,1,0.15597020783366405,1.2403367734672,0,0.6923076923076923
1074,21,3,0.95,0.25,0.05,4e-06,0,7.231755413878291e-07,1.3701630302732049,1,0.5641025641025641
1075,22,3,0.95,0.25,0.15,4e-06,1,0.2567025788705945,1.7957262860091,0,0.5641025641025641
1076,23,3,0.95,0.25,0.25,4e-06,0,7.231755370055026e-07,1.3701630302731873,1,0.4358974358974359
1077,24,3,0.95,0.5,0.05,4e-06,1,0.3824080904820902,1.8672527239806325,1,0.3333333333333333
1078,25,3,0.95,0.5,0.15,4e-06,0,0.0,1.6964659978336318,1,0.41025641025641024
1079,26,3,0.95,0.5,0.25,4e-06,1,0.3269075797970189,1.9755667498801754,1,0.358974358974359
